Meas Point;Vol.;Conc.;Cond. Q;Temp. Q;Cond. R;Temp. R;
;ml;mg/l;µS/cm;°C;µS/cm;°C;
0;500.0;0.00;25.6;9.3;25.8;9.4;
1;500.5;5.00;36.2;9.3;36.5;9.4;
2;501.0;9.98;46.8;9.3;47.3;9.4;
3;501.5;14.96;57.6;9.3;58.1;9.5;
4;502.0;19.92;68.0;9.3;68.6;9.5;
5;502.5;24.88;78.6;9.4;79.3;9.5;
6;503.0;29.82;89.2;9.4;90.0;9.5;

Date/Time;Meas Point;Cond. Q;Cond. R;Temp. Q;Temp. R;
9/19/2017 1:00:11 PM;0;24.3;24.4;9.6;9.8;
9/19/2017 1:00:12 PM;1;24.3;24.4;9.6;9.8;
9/19/2017 1:00:13 PM;2;24.3;24.4;9.6;9.8;
9/19/2017 1:00:14 PM;3;24.3;24.4;9.6;9.8;
9/19/2017 1:00:15 PM;4;24.3;24.5;9.6;9.8;
9/19/2017 1:00:16 PM;5;24.3;24.5;9.6;9.8;
9/19/2017 1:00:17 PM;6;24.3;24.5;9.6;9.8;
9/19/2017 1:00:18 PM;7;24.3;24.5;9.6;9.8;
9/19/2017 1:00:19 PM;8;24.3;24.4;9.6;9.8;
9/19/2017 1:00:20 PM;9;24.3;24.4;9.6;9.8;
9/19/2017 1:00:21 PM;10;24.3;24.4;9.6;9.8;
9/19/2017 1:00:22 PM;11;24.3;24.4;9.6;9.8;
9/19/2017 1:00:23 PM;12;24.3;24.4;9.6;9.8;
9/19/2017 1:00:24 PM;13;24.3;24.4;9.6;9.8;
9/19/2017 1:00:25 PM;14;24.3;24.5;9.6;9.8;
9/19/2017 1:00:26 PM;15;24.3;24.5;9.6;9.8;
9/19/2017 1:00:27 PM;16;24.3;24.5;9.6;9.8;
9/19/2017 1:00:28 PM;17;24.3;24.4;9.6;9.8;
9/19/2017 1:00:29 PM;18;24.3;24.4;9.6;9.8;
9/19/2017 1:00:30 PM;19;24.3;24.4;9.6;9.8;
9/19/2017 1:00:31 PM;20;24.3;24.4;9.6;9.8;
9/19/2017 1:00:32 PM;21;24.3;24.4;9.6;9.8;
9/19/2017 1:00:33 PM;22;24.3;24.4;9.6;9.8;
9/19/2017 1:00:34 PM;23;24.3;24.4;9.6;9.8;
9/19/2017 1:00:35 PM;24;24.3;24.4;9.6;9.8;
9/19/2017 1:00:36 PM;25;24.3;24.4;9.6;9.8;
9/19/2017 1:00:37 PM;26;24.3;24.4;9.6;9.8;
9/19/2017 1:00:38 PM;27;24.3;24.4;9.6;9.8;
9/19/2017 1:00:39 PM;28;24.3;24.4;9.6;9.8;
9/19/2017 1:00:40 PM;29;24.3;24.4;9.6;9.8;
9/19/2017 1:00:41 PM;30;24.3;24.4;9.6;9.8;
9/19/2017 1:00:42 PM;31;24.3;24.4;9.6;9.8;
9/19/2017 1:00:43 PM;32;24.3;24.4;9.6;9.8;
9/19/2017 1:00:44 PM;33;24.3;24.4;9.6;9.8;
9/19/2017 1:00:45 PM;34;24.3;24.5;9.6;9.8;
9/19/2017 1:00:46 PM;35;24.3;24.4;9.6;9.8;
9/19/2017 1:00:47 PM;36;24.3;24.4;9.6;9.8;
9/19/2017 1:00:48 PM;37;24.3;24.4;9.6;9.8;
9/19/2017 1:00:49 PM;38;24.3;24.4;9.6;9.8;
9/19/2017 1:00:50 PM;39;24.3;24.4;9.6;9.8;
9/19/2017 1:00:51 PM;40;24.3;24.4;9.6;9.8;
9/19/2017 1:00:52 PM;41;24.3;24.4;9.6;9.8;
9/19/2017 1:00:53 PM;42;24.3;24.4;9.6;9.8;
9/19/2017 1:00:54 PM;43;24.3;24.4;9.6;9.8;
9/19/2017 1:00:55 PM;44;24.3;24.4;9.6;9.8;
9/19/2017 1:00:56 PM;45;24.3;24.4;9.6;9.8;
9/19/2017 1:00:57 PM;46;24.3;24.5;9.6;9.8;
9/19/2017 1:00:58 PM;47;24.3;24.5;9.6;9.8;
9/19/2017 1:00:59 PM;48;24.3;24.5;9.6;9.8;
9/19/2017 1:01:00 PM;49;24.3;24.5;9.6;9.8;
9/19/2017 1:01:01 PM;50;24.3;24.5;9.6;9.8;
9/19/2017 1:01:02 PM;51;24.3;24.4;9.6;9.8;
9/19/2017 1:01:03 PM;52;24.3;24.4;9.6;9.8;
9/19/2017 1:01:04 PM;53;24.3;24.4;9.6;9.8;
9/19/2017 1:01:05 PM;54;24.3;24.4;9.6;9.8;
9/19/2017 1:01:06 PM;55;24.3;24.4;9.6;9.8;
9/19/2017 1:01:07 PM;56;24.3;24.5;9.6;9.8;
9/19/2017 1:01:08 PM;57;24.3;24.4;9.6;9.8;
9/19/2017 1:01:09 PM;58;24.3;24.4;9.6;9.8;
9/19/2017 1:01:10 PM;59;24.3;24.4;9.6;9.8;
9/19/2017 1:01:11 PM;60;24.3;24.4;9.6;9.8;
9/19/2017 1:01:12 PM;61;24.3;24.4;9.6;9.8;
9/19/2017 1:01:13 PM;62;24.3;24.4;9.6;9.8;
9/19/2017 1:01:14 PM;63;24.3;24.4;9.6;9.8;
9/19/2017 1:01:15 PM;64;24.3;24.5;9.6;9.8;
9/19/2017 1:01:16 PM;65;24.3;24.4;9.6;9.8;
9/19/2017 1:01:17 PM;66;24.3;24.4;9.6;9.8;
9/19/2017 1:01:18 PM;67;24.3;24.4;9.6;9.8;
9/19/2017 1:01:19 PM;68;24.3;24.4;9.6;9.8;
9/19/2017 1:01:20 PM;69;24.3;24.4;9.6;9.8;
9/19/2017 1:01:21 PM;70;24.3;24.4;9.6;9.8;
9/19/2017 1:01:22 PM;71;24.3;24.4;9.6;9.8;
9/19/2017 1:01:23 PM;72;24.3;24.4;9.6;9.8;
9/19/2017 1:01:24 PM;73;24.3;24.4;9.6;9.8;
9/19/2017 1:01:25 PM;74;24.3;24.5;9.6;9.8;
9/19/2017 1:01:26 PM;75;24.3;24.5;9.6;9.8;
9/19/2017 1:01:27 PM;76;24.3;24.5;9.6;9.8;
9/19/2017 1:01:28 PM;77;24.3;24.4;9.6;9.8;
9/19/2017 1:01:29 PM;78;24.3;24.4;9.6;9.8;
9/19/2017 1:01:30 PM;79;24.3;24.4;9.6;9.8;
9/19/2017 1:01:31 PM;80;24.3;24.4;9.6;9.8;
9/19/2017 1:01:32 PM;81;24.3;24.4;9.6;9.8;
9/19/2017 1:01:33 PM;82;24.3;24.4;9.6;9.8;
9/19/2017 1:01:34 PM;83;24.3;24.4;9.6;9.8;
9/19/2017 1:01:35 PM;84;24.3;24.4;9.6;9.8;
9/19/2017 1:01:36 PM;85;24.3;24.5;9.6;9.8;
9/19/2017 1:01:37 PM;86;24.3;24.5;9.6;9.8;
9/19/2017 1:01:38 PM;87;24.3;24.4;9.6;9.8;
9/19/2017 1:01:39 PM;88;24.3;24.4;9.6;9.8;
9/19/2017 1:01:40 PM;89;24.3;24.4;9.6;9.8;
9/19/2017 1:01:41 PM;90;24.3;24.4;9.6;9.8;
9/19/2017 1:01:42 PM;91;24.3;24.4;9.6;9.8;
9/19/2017 1:01:43 PM;92;24.3;24.4;9.6;9.8;
9/19/2017 1:01:44 PM;93;24.3;24.4;9.6;9.8;
9/19/2017 1:01:45 PM;94;24.3;24.4;9.6;9.8;
9/19/2017 1:01:46 PM;95;24.3;24.4;9.6;9.8;
9/19/2017 1:01:47 PM;96;24.3;24.4;9.6;9.8;
9/19/2017 1:01:48 PM;97;24.3;24.4;9.6;9.8;
9/19/2017 1:01:49 PM;98;24.3;24.4;9.6;9.8;
9/19/2017 1:01:50 PM;99;24.3;24.4;9.6;9.8;
9/19/2017 1:01:51 PM;100;24.3;24.5;9.6;9.8;
9/19/2017 1:01:52 PM;101;24.3;24.4;9.6;9.8;
9/19/2017 1:01:53 PM;102;24.3;24.4;9.6;9.8;
9/19/2017 1:01:54 PM;103;24.3;24.4;9.6;9.8;
9/19/2017 1:01:55 PM;104;24.3;24.4;9.6;9.8;
9/19/2017 1:01:56 PM;105;24.3;24.4;9.6;9.8;
9/19/2017 1:01:57 PM;106;24.3;24.4;9.6;9.8;
9/19/2017 1:01:58 PM;107;24.3;24.4;9.6;9.8;
9/19/2017 1:01:59 PM;108;24.3;24.4;9.6;9.8;
9/19/2017 1:02:00 PM;109;24.3;24.4;9.6;9.8;
9/19/2017 1:02:01 PM;110;24.3;24.5;9.6;9.8;
9/19/2017 1:02:02 PM;111;24.3;24.5;9.6;9.8;
9/19/2017 1:02:03 PM;112;24.3;24.5;9.6;9.8;
9/19/2017 1:02:04 PM;113;24.3;24.5;9.6;9.8;
9/19/2017 1:02:05 PM;114;24.3;24.5;9.6;9.8;
9/19/2017 1:02:06 PM;115;24.3;24.5;9.6;9.8;
9/19/2017 1:02:07 PM;116;24.3;24.5;9.6;9.8;
9/19/2017 1:02:08 PM;117;24.3;24.5;9.6;9.8;
9/19/2017 1:02:09 PM;118;24.3;24.5;9.6;9.8;
9/19/2017 1:02:10 PM;119;24.3;24.5;9.6;9.8;
9/19/2017 1:02:11 PM;120;24.3;24.5;9.6;9.8;
9/19/2017 1:02:12 PM;121;24.3;24.5;9.6;9.8;
9/19/2017 1:02:13 PM;122;24.3;24.5;9.6;9.8;
9/19/2017 1:02:14 PM;123;24.3;24.4;9.6;9.8;
9/19/2017 1:02:15 PM;124;24.3;24.4;9.6;9.8;
9/19/2017 1:02:16 PM;125;24.3;24.4;9.6;9.8;
9/19/2017 1:02:17 PM;126;24.3;24.4;9.6;9.8;
9/19/2017 1:02:18 PM;127;24.3;24.4;9.6;9.8;
9/19/2017 1:02:19 PM;128;24.3;24.4;9.6;9.8;
9/19/2017 1:02:20 PM;129;24.3;24.4;9.6;9.8;
9/19/2017 1:02:21 PM;130;24.3;24.5;9.6;9.8;
9/19/2017 1:02:22 PM;131;24.3;24.5;9.6;9.8;
9/19/2017 1:02:23 PM;132;24.3;24.5;9.6;9.8;
9/19/2017 1:02:24 PM;133;24.3;24.5;9.6;9.8;
9/19/2017 1:02:25 PM;134;24.3;24.4;9.6;9.8;
9/19/2017 1:02:26 PM;135;24.3;24.4;9.6;9.8;
9/19/2017 1:02:27 PM;136;24.3;24.4;9.6;9.8;
9/19/2017 1:02:28 PM;137;24.3;24.4;9.6;9.8;
9/19/2017 1:02:29 PM;138;24.3;24.4;9.6;9.8;
9/19/2017 1:02:30 PM;139;24.3;24.4;9.6;9.8;
9/19/2017 1:02:31 PM;140;24.3;24.4;9.6;9.8;
9/19/2017 1:02:32 PM;141;24.3;24.4;9.6;9.8;
9/19/2017 1:02:33 PM;142;24.3;24.4;9.6;9.8;
9/19/2017 1:02:34 PM;143;24.3;24.5;9.6;9.8;
9/19/2017 1:02:35 PM;144;24.3;24.5;9.6;9.8;
9/19/2017 1:02:36 PM;145;24.3;24.5;9.6;9.8;
9/19/2017 1:02:37 PM;146;24.3;24.5;9.6;9.8;
9/19/2017 1:02:38 PM;147;24.3;24.5;9.6;9.8;
9/19/2017 1:02:39 PM;148;24.3;24.5;9.6;9.8;
9/19/2017 1:02:40 PM;149;24.3;24.5;9.6;9.8;
9/19/2017 1:02:41 PM;150;24.3;24.5;9.6;9.8;
9/19/2017 1:02:42 PM;151;24.3;24.5;9.6;9.8;
9/19/2017 1:02:43 PM;152;24.3;24.4;9.6;9.8;
9/19/2017 1:02:44 PM;153;24.3;24.4;9.6;9.8;
9/19/2017 1:02:45 PM;154;24.3;24.4;9.6;9.8;
9/19/2017 1:02:46 PM;155;24.3;24.4;9.6;9.8;
9/19/2017 1:02:47 PM;156;24.3;24.4;9.6;9.8;
9/19/2017 1:02:48 PM;157;24.3;24.4;9.6;9.8;
9/19/2017 1:02:49 PM;158;24.3;24.4;9.6;9.8;
9/19/2017 1:02:50 PM;159;24.3;24.4;9.6;9.8;
9/19/2017 1:02:51 PM;160;24.3;24.4;9.6;9.8;
9/19/2017 1:02:52 PM;161;24.3;24.4;9.6;9.8;
9/19/2017 1:02:53 PM;162;24.3;24.4;9.6;9.8;
9/19/2017 1:02:54 PM;163;24.3;24.4;9.6;9.8;
9/19/2017 1:02:55 PM;164;24.3;24.4;9.6;9.8;
9/19/2017 1:02:56 PM;165;24.3;24.4;9.6;9.8;
9/19/2017 1:02:57 PM;166;24.3;24.4;9.6;9.8;
9/19/2017 1:02:58 PM;167;24.3;24.5;9.6;9.8;
9/19/2017 1:02:59 PM;168;24.3;24.5;9.6;9.8;
9/19/2017 1:03:00 PM;169;24.3;24.5;9.6;9.8;
9/19/2017 1:03:01 PM;170;24.3;24.4;9.6;9.8;
9/19/2017 1:03:02 PM;171;24.3;24.4;9.6;9.8;
9/19/2017 1:03:03 PM;172;24.3;24.4;9.6;9.8;
9/19/2017 1:03:04 PM;173;24.3;24.4;9.6;9.8;
9/19/2017 1:03:05 PM;174;24.3;24.4;9.6;9.8;
9/19/2017 1:03:06 PM;175;24.3;24.5;9.6;9.8;
9/19/2017 1:03:07 PM;176;24.3;24.5;9.6;9.8;
9/19/2017 1:03:08 PM;177;24.3;24.5;9.6;9.8;
9/19/2017 1:03:09 PM;178;24.3;24.5;9.6;9.8;
9/19/2017 1:03:10 PM;179;24.3;24.5;9.6;9.8;
9/19/2017 1:03:11 PM;180;24.3;24.5;9.6;9.8;
9/19/2017 1:03:12 PM;181;24.3;24.5;9.6;9.8;
9/19/2017 1:03:13 PM;182;24.3;24.5;9.6;9.8;
9/19/2017 1:03:14 PM;183;24.3;24.5;9.6;9.8;
9/19/2017 1:03:15 PM;184;24.3;24.5;9.6;9.8;
9/19/2017 1:03:16 PM;185;24.3;24.5;9.6;9.8;
9/19/2017 1:03:17 PM;186;24.3;24.4;9.6;9.8;
9/19/2017 1:03:18 PM;187;24.3;24.4;9.6;9.8;
9/19/2017 1:03:19 PM;188;24.3;24.4;9.6;9.8;
9/19/2017 1:03:20 PM;189;24.3;24.4;9.6;9.8;
9/19/2017 1:03:21 PM;190;24.3;24.4;9.6;9.8;
9/19/2017 1:03:22 PM;191;24.3;24.4;9.6;9.8;
9/19/2017 1:03:23 PM;192;24.3;24.4;9.6;9.8;
9/19/2017 1:03:24 PM;193;24.3;24.4;9.6;9.8;
9/19/2017 1:03:25 PM;194;24.3;24.4;9.6;9.8;
9/19/2017 1:03:26 PM;195;24.3;24.4;9.6;9.8;
9/19/2017 1:03:27 PM;196;24.3;24.4;9.6;9.8;
9/19/2017 1:03:28 PM;197;24.3;24.4;9.6;9.8;
9/19/2017 1:03:29 PM;198;24.3;24.4;9.6;9.8;
9/19/2017 1:03:30 PM;199;24.3;24.4;9.6;9.8;
9/19/2017 1:03:31 PM;200;24.3;24.5;9.6;9.8;
9/19/2017 1:03:32 PM;201;24.3;24.5;9.6;9.8;
9/19/2017 1:03:33 PM;202;24.3;24.5;9.6;9.8;
9/19/2017 1:03:34 PM;203;24.3;24.4;9.6;9.8;
9/19/2017 1:03:35 PM;204;24.3;24.4;9.6;9.8;
9/19/2017 1:03:36 PM;205;24.3;24.4;9.6;9.8;
9/19/2017 1:03:37 PM;206;24.3;24.4;9.6;9.8;
9/19/2017 1:03:38 PM;207;24.3;24.4;9.6;9.8;
9/19/2017 1:03:39 PM;208;24.3;24.5;9.6;9.8;
9/19/2017 1:03:40 PM;209;24.3;24.5;9.6;9.8;
9/19/2017 1:03:41 PM;210;24.3;24.4;9.6;9.8;
9/19/2017 1:03:42 PM;211;24.3;24.4;9.6;9.8;
9/19/2017 1:03:43 PM;212;24.3;24.4;9.6;9.8;
9/19/2017 1:03:44 PM;213;24.3;24.4;9.6;9.8;
9/19/2017 1:03:45 PM;214;24.3;24.4;9.6;9.8;
9/19/2017 1:03:46 PM;215;24.3;24.4;9.6;9.8;
9/19/2017 1:03:47 PM;216;24.3;24.4;9.6;9.8;
9/19/2017 1:03:48 PM;217;24.3;24.4;9.6;9.8;
9/19/2017 1:03:49 PM;218;24.3;24.4;9.6;9.8;
9/19/2017 1:03:50 PM;219;24.3;24.4;9.6;9.8;
9/19/2017 1:03:51 PM;220;24.3;24.4;9.6;9.8;
9/19/2017 1:03:52 PM;221;24.3;24.4;9.6;9.8;
9/19/2017 1:03:53 PM;222;24.3;24.4;9.6;9.8;
9/19/2017 1:03:54 PM;223;24.3;24.5;9.6;9.8;
9/19/2017 1:03:55 PM;224;24.3;24.5;9.6;9.8;
9/19/2017 1:03:56 PM;225;24.3;24.4;9.6;9.8;
9/19/2017 1:03:57 PM;226;24.3;24.4;9.6;9.8;
9/19/2017 1:03:58 PM;227;24.3;24.4;9.6;9.8;
9/19/2017 1:03:59 PM;228;24.3;24.4;9.6;9.8;
9/19/2017 1:04:00 PM;229;24.3;24.4;9.6;9.8;
9/19/2017 1:04:01 PM;230;24.3;24.4;9.6;9.8;
9/19/2017 1:04:02 PM;231;24.3;24.4;9.6;9.8;
9/19/2017 1:04:03 PM;232;24.3;24.4;9.6;9.8;
9/19/2017 1:04:04 PM;233;24.3;24.4;9.6;9.8;
9/19/2017 1:04:05 PM;234;24.3;24.4;9.6;9.8;
9/19/2017 1:04:06 PM;235;24.3;24.5;9.6;9.8;
9/19/2017 1:04:07 PM;236;24.3;24.5;9.6;9.8;
9/19/2017 1:04:08 PM;237;24.3;24.5;9.6;9.8;
9/19/2017 1:04:09 PM;238;24.3;24.5;9.6;9.8;
9/19/2017 1:04:10 PM;239;24.3;24.5;9.6;9.8;
9/19/2017 1:04:11 PM;240;24.3;24.5;9.6;9.8;
9/19/2017 1:04:12 PM;241;24.3;24.5;9.6;9.8;
9/19/2017 1:04:13 PM;242;24.3;24.5;9.6;9.8;
9/19/2017 1:04:14 PM;243;24.3;24.5;9.6;9.8;
9/19/2017 1:04:15 PM;244;24.3;24.5;9.6;9.8;
9/19/2017 1:04:16 PM;245;24.3;24.5;9.6;9.8;
9/19/2017 1:04:17 PM;246;24.3;24.5;9.6;9.8;
9/19/2017 1:04:18 PM;247;24.3;24.5;9.6;9.8;
9/19/2017 1:04:19 PM;248;24.3;24.5;9.6;9.8;
9/19/2017 1:04:20 PM;249;24.3;24.5;9.6;9.8;
9/19/2017 1:04:21 PM;250;24.3;24.5;9.6;9.8;
9/19/2017 1:04:22 PM;251;24.3;24.5;9.6;9.8;
9/19/2017 1:04:23 PM;252;24.3;24.4;9.6;9.8;
9/19/2017 1:04:24 PM;253;24.3;24.4;9.6;9.8;
9/19/2017 1:04:25 PM;254;24.3;24.4;9.6;9.8;
9/19/2017 1:04:26 PM;255;24.3;24.4;9.6;9.8;
9/19/2017 1:04:27 PM;256;24.3;24.4;9.6;9.8;
9/19/2017 1:04:28 PM;257;24.3;24.4;9.6;9.8;
9/19/2017 1:04:29 PM;258;24.3;24.4;9.6;9.8;
9/19/2017 1:04:30 PM;259;24.3;24.4;9.6;9.8;
9/19/2017 1:04:31 PM;260;24.3;24.4;9.6;9.8;
9/19/2017 1:04:32 PM;261;24.3;24.4;9.6;9.8;
9/19/2017 1:04:33 PM;262;24.3;24.4;9.6;9.8;
9/19/2017 1:04:34 PM;263;24.3;24.5;9.6;9.8;
9/19/2017 1:04:35 PM;264;24.3;24.5;9.6;9.8;
9/19/2017 1:04:36 PM;265;24.3;24.5;9.6;9.8;
9/19/2017 1:04:37 PM;266;24.3;24.4;9.6;9.8;
9/19/2017 1:04:38 PM;267;24.3;24.4;9.6;9.8;
9/19/2017 1:04:39 PM;268;24.3;24.4;9.6;9.8;
9/19/2017 1:04:40 PM;269;24.3;24.4;9.6;9.8;
9/19/2017 1:04:41 PM;270;24.3;24.4;9.6;9.8;
9/19/2017 1:04:42 PM;271;24.3;24.5;9.6;9.8;
9/19/2017 1:04:43 PM;272;24.3;24.5;9.6;9.8;
9/19/2017 1:04:44 PM;273;24.3;24.5;9.6;9.8;
9/19/2017 1:04:45 PM;274;24.3;24.5;9.6;9.8;
9/19/2017 1:04:46 PM;275;24.3;24.5;9.6;9.8;
9/19/2017 1:04:47 PM;276;24.3;24.4;9.6;9.8;
9/19/2017 1:04:48 PM;277;24.3;24.4;9.6;9.8;
9/19/2017 1:04:49 PM;278;24.3;24.4;9.6;9.8;
9/19/2017 1:04:50 PM;279;24.3;24.4;9.6;9.8;
9/19/2017 1:04:51 PM;280;24.3;24.4;9.6;9.8;
9/19/2017 1:04:52 PM;281;24.3;24.5;9.6;9.8;
9/19/2017 1:04:53 PM;282;24.3;24.5;9.6;9.8;
9/19/2017 1:04:54 PM;283;24.3;24.5;9.6;9.8;
9/19/2017 1:04:55 PM;284;24.3;24.5;9.6;9.8;
9/19/2017 1:04:56 PM;285;24.3;24.5;9.6;9.8;
9/19/2017 1:04:57 PM;286;24.3;24.4;9.6;9.8;
9/19/2017 1:04:58 PM;287;24.3;24.4;9.6;9.8;
9/19/2017 1:04:59 PM;288;24.3;24.4;9.6;9.8;
9/19/2017 1:05:00 PM;289;24.3;24.4;9.6;9.8;
9/19/2017 1:05:01 PM;290;24.3;24.4;9.6;9.8;
9/19/2017 1:05:02 PM;291;24.3;24.4;9.6;9.8;
9/19/2017 1:05:03 PM;292;24.3;24.5;9.6;9.8;
9/19/2017 1:05:04 PM;293;24.3;24.4;9.6;9.8;
9/19/2017 1:05:05 PM;294;24.3;24.4;9.6;9.8;
9/19/2017 1:05:06 PM;295;24.3;24.4;9.6;9.8;
9/19/2017 1:05:07 PM;296;24.3;24.4;9.6;9.8;
9/19/2017 1:05:08 PM;297;24.3;24.4;9.6;9.8;
9/19/2017 1:05:09 PM;298;24.3;24.4;9.6;9.8;
9/19/2017 1:05:10 PM;299;24.3;24.5;9.6;9.8;
9/19/2017 1:05:11 PM;300;24.3;24.4;9.6;9.8;
9/19/2017 1:05:12 PM;301;24.3;24.4;9.6;9.8;
9/19/2017 1:05:13 PM;302;24.3;24.4;9.6;9.8;
9/19/2017 1:05:14 PM;303;24.3;24.4;9.6;9.8;
9/19/2017 1:05:15 PM;304;24.3;24.4;9.6;9.8;
9/19/2017 1:05:16 PM;305;24.3;24.4;9.6;9.8;
9/19/2017 1:05:17 PM;306;24.3;24.4;9.6;9.8;
9/19/2017 1:05:18 PM;307;24.3;24.4;9.6;9.8;
9/19/2017 1:05:19 PM;308;24.3;24.4;9.6;9.8;
9/19/2017 1:05:20 PM;309;24.3;24.4;9.6;9.8;
9/19/2017 1:05:21 PM;310;24.3;24.4;9.6;9.8;
9/19/2017 1:05:22 PM;311;24.3;24.5;9.6;9.8;
9/19/2017 1:05:23 PM;312;24.3;24.5;9.6;9.8;
9/19/2017 1:05:24 PM;313;24.3;24.5;9.6;9.8;
9/19/2017 1:05:25 PM;314;24.3;24.5;9.6;9.8;
9/19/2017 1:05:26 PM;315;24.3;24.5;9.6;9.8;
9/19/2017 1:05:27 PM;316;24.3;24.5;9.6;9.8;
9/19/2017 1:05:28 PM;317;24.3;24.5;9.6;9.8;
9/19/2017 1:05:29 PM;318;24.3;24.5;9.6;9.8;
9/19/2017 1:05:30 PM;319;24.3;24.5;9.6;9.8;
9/19/2017 1:05:31 PM;320;24.3;24.4;9.6;9.8;
9/19/2017 1:05:32 PM;321;24.3;24.4;9.6;9.8;
9/19/2017 1:05:33 PM;322;24.3;24.4;9.6;9.8;
9/19/2017 1:05:34 PM;323;24.3;24.4;9.6;9.8;
9/19/2017 1:05:35 PM;324;24.3;24.4;9.6;9.8;
9/19/2017 1:05:36 PM;325;24.3;24.4;9.6;9.8;
9/19/2017 1:05:37 PM;326;24.3;24.4;9.6;9.8;
9/19/2017 1:05:38 PM;327;24.3;24.4;9.6;9.8;
9/19/2017 1:05:39 PM;328;24.3;24.4;9.6;9.8;
9/19/2017 1:05:40 PM;329;24.3;24.4;9.6;9.8;
9/19/2017 1:05:41 PM;330;24.3;24.4;9.6;9.8;
9/19/2017 1:05:42 PM;331;24.3;24.5;9.6;9.8;
9/19/2017 1:05:43 PM;332;24.3;24.5;9.6;9.8;
9/19/2017 1:05:44 PM;333;24.3;24.5;9.6;9.8;
9/19/2017 1:05:45 PM;334;24.3;24.5;9.6;9.8;
9/19/2017 1:05:46 PM;335;24.3;24.5;9.6;9.8;
9/19/2017 1:05:47 PM;336;24.3;24.5;9.6;9.8;
9/19/2017 1:05:48 PM;337;24.3;24.5;9.6;9.8;
9/19/2017 1:05:49 PM;338;24.3;24.5;9.6;9.8;
9/19/2017 1:05:50 PM;339;24.3;24.4;9.6;9.8;
9/19/2017 1:05:51 PM;340;24.3;24.4;9.6;9.8;
9/19/2017 1:05:52 PM;341;24.3;24.4;9.6;9.8;
9/19/2017 1:05:53 PM;342;24.3;24.4;9.6;9.8;
9/19/2017 1:05:54 PM;343;24.3;24.4;9.6;9.8;
9/19/2017 1:05:55 PM;344;24.3;24.5;9.6;9.8;
9/19/2017 1:05:56 PM;345;24.3;24.5;9.6;9.8;
9/19/2017 1:05:57 PM;346;24.3;24.5;9.6;9.8;
9/19/2017 1:05:58 PM;347;24.3;24.5;9.6;9.8;
9/19/2017 1:05:59 PM;348;24.3;24.4;9.6;9.8;
9/19/2017 1:06:00 PM;349;24.3;24.4;9.6;9.8;
9/19/2017 1:06:01 PM;350;24.3;24.4;9.6;9.8;
9/19/2017 1:06:02 PM;351;24.3;24.4;9.6;9.8;
9/19/2017 1:06:03 PM;352;24.3;24.4;9.6;9.8;
9/19/2017 1:06:04 PM;353;24.3;24.4;9.6;9.8;
9/19/2017 1:06:05 PM;354;24.3;24.4;9.6;9.8;
9/19/2017 1:06:06 PM;355;24.3;24.4;9.6;9.8;
9/19/2017 1:06:07 PM;356;24.3;24.4;9.6;9.8;
9/19/2017 1:06:08 PM;357;24.3;24.4;9.6;9.8;
9/19/2017 1:06:09 PM;358;24.3;24.4;9.6;9.8;
9/19/2017 1:06:10 PM;359;24.3;24.5;9.6;9.8;
9/19/2017 1:06:11 PM;360;24.3;24.5;9.6;9.8;
9/19/2017 1:06:12 PM;361;24.3;24.5;9.6;9.8;
9/19/2017 1:06:13 PM;362;24.3;24.5;9.6;9.8;
9/19/2017 1:06:14 PM;363;24.3;24.5;9.6;9.8;
9/19/2017 1:06:15 PM;364;24.3;24.5;9.6;9.8;
9/19/2017 1:06:16 PM;365;24.3;24.4;9.6;9.8;
9/19/2017 1:06:17 PM;366;24.3;24.4;9.6;9.8;
9/19/2017 1:06:18 PM;367;24.3;24.4;9.6;9.8;
9/19/2017 1:06:19 PM;368;24.3;24.4;9.6;9.8;
9/19/2017 1:06:20 PM;369;24.3;24.4;9.6;9.8;
9/19/2017 1:06:21 PM;370;24.3;24.4;9.6;9.8;
9/19/2017 1:06:22 PM;371;24.3;24.4;9.6;9.8;
9/19/2017 1:06:23 PM;372;24.3;24.4;9.6;9.8;
9/19/2017 1:06:24 PM;373;24.3;24.4;9.6;9.8;
9/19/2017 1:06:25 PM;374;24.3;24.4;9.6;9.8;
9/19/2017 1:06:26 PM;375;24.3;24.4;9.6;9.8;
9/19/2017 1:06:27 PM;376;24.3;24.4;9.6;9.8;
9/19/2017 1:06:28 PM;377;24.3;24.5;9.6;9.8;
9/19/2017 1:06:29 PM;378;24.3;24.5;9.6;9.8;
9/19/2017 1:06:30 PM;379;24.3;24.5;9.6;9.8;
9/19/2017 1:06:31 PM;380;24.3;24.5;9.6;9.8;
9/19/2017 1:06:32 PM;381;24.3;24.5;9.6;9.8;
9/19/2017 1:06:33 PM;382;24.3;24.5;9.6;9.8;
9/19/2017 1:06:34 PM;383;24.3;24.4;9.6;9.8;
9/19/2017 1:06:35 PM;384;24.3;24.4;9.6;9.8;
9/19/2017 1:06:36 PM;385;24.3;24.4;9.6;9.8;
9/19/2017 1:06:37 PM;386;24.3;24.4;9.6;9.8;
9/19/2017 1:06:38 PM;387;24.3;24.4;9.6;9.8;
9/19/2017 1:06:39 PM;388;24.3;24.5;9.6;9.8;
9/19/2017 1:06:40 PM;389;24.3;24.4;9.6;9.8;
9/19/2017 1:06:41 PM;390;24.3;24.4;9.6;9.8;
9/19/2017 1:06:42 PM;391;24.3;24.4;9.6;9.8;
9/19/2017 1:06:43 PM;392;24.3;24.4;9.6;9.8;
9/19/2017 1:06:44 PM;393;24.3;24.4;9.6;9.8;
9/19/2017 1:06:45 PM;394;24.3;24.4;9.6;9.8;
9/19/2017 1:06:46 PM;395;24.3;24.5;9.6;9.8;
9/19/2017 1:06:47 PM;396;24.3;24.5;9.6;9.8;
9/19/2017 1:06:48 PM;397;24.3;24.5;9.6;9.8;
9/19/2017 1:06:49 PM;398;24.3;24.5;9.6;9.8;
9/19/2017 1:06:50 PM;399;24.3;24.5;9.6;9.8;
9/19/2017 1:06:51 PM;400;24.3;24.5;9.6;9.8;
9/19/2017 1:06:52 PM;401;24.3;24.4;9.6;9.8;
9/19/2017 1:06:53 PM;402;24.3;24.4;9.6;9.8;
9/19/2017 1:06:54 PM;403;24.3;24.4;9.6;9.8;
9/19/2017 1:06:55 PM;404;24.3;24.4;9.6;9.8;
9/19/2017 1:06:56 PM;405;24.3;24.4;9.6;9.8;
9/19/2017 1:06:57 PM;406;24.3;24.4;9.6;9.8;
9/19/2017 1:06:58 PM;407;24.3;24.4;9.6;9.8;
9/19/2017 1:06:59 PM;408;24.3;24.4;9.6;9.8;
9/19/2017 1:07:00 PM;409;24.3;24.4;9.6;9.8;
9/19/2017 1:07:01 PM;410;24.3;24.5;9.6;9.8;
9/19/2017 1:07:02 PM;411;24.3;24.4;9.6;9.8;
9/19/2017 1:07:03 PM;412;24.3;24.4;9.6;9.8;
9/19/2017 1:07:04 PM;413;24.3;24.4;9.6;9.8;
9/19/2017 1:07:05 PM;414;24.3;24.4;9.6;9.8;
9/19/2017 1:07:06 PM;415;24.3;24.4;9.6;9.8;
9/19/2017 1:07:07 PM;416;24.3;24.4;9.6;9.8;
9/19/2017 1:07:08 PM;417;24.3;24.4;9.6;9.8;
9/19/2017 1:07:09 PM;418;24.3;24.4;9.6;9.8;
9/19/2017 1:07:10 PM;419;24.3;24.4;9.6;9.8;
9/19/2017 1:07:11 PM;420;24.3;24.4;9.6;9.8;
9/19/2017 1:07:12 PM;421;24.3;24.4;9.6;9.8;
9/19/2017 1:07:13 PM;422;24.3;24.4;9.6;9.8;
9/19/2017 1:07:14 PM;423;24.3;24.4;9.6;9.8;
9/19/2017 1:07:15 PM;424;24.3;24.4;9.6;9.8;
9/19/2017 1:07:16 PM;425;24.3;24.4;9.7;9.8;
9/19/2017 1:07:17 PM;426;24.3;24.4;9.6;9.8;
9/19/2017 1:07:18 PM;427;24.3;24.4;9.6;9.8;
9/19/2017 1:07:19 PM;428;24.3;24.4;9.6;9.8;
9/19/2017 1:07:20 PM;429;24.3;24.4;9.6;9.8;
9/19/2017 1:07:21 PM;430;24.3;24.5;9.6;9.8;
9/19/2017 1:07:22 PM;431;24.3;24.5;9.6;9.8;
9/19/2017 1:07:23 PM;432;24.3;24.4;9.6;9.8;
9/19/2017 1:07:24 PM;433;24.3;24.4;9.6;9.8;
9/19/2017 1:07:25 PM;434;24.3;24.4;9.6;9.8;
9/19/2017 1:07:26 PM;435;24.3;24.4;9.6;9.8;
9/19/2017 1:07:27 PM;436;24.3;24.4;9.7;9.8;
9/19/2017 1:07:28 PM;437;24.3;24.4;9.7;9.8;
9/19/2017 1:07:29 PM;438;24.3;24.4;9.7;9.8;
9/19/2017 1:07:30 PM;439;24.3;24.4;9.6;9.8;
9/19/2017 1:07:31 PM;440;24.3;24.4;9.6;9.8;
9/19/2017 1:07:32 PM;441;24.3;24.4;9.6;9.8;
9/19/2017 1:07:33 PM;442;24.3;24.4;9.6;9.8;
9/19/2017 1:07:34 PM;443;24.3;24.4;9.6;9.8;
9/19/2017 1:07:35 PM;444;24.3;24.4;9.6;9.8;
9/19/2017 1:07:36 PM;445;24.3;24.4;9.6;9.8;
9/19/2017 1:07:37 PM;446;24.3;24.4;9.6;9.8;
9/19/2017 1:07:38 PM;447;24.3;24.4;9.6;9.8;
9/19/2017 1:07:39 PM;448;24.3;24.5;9.6;9.8;
9/19/2017 1:07:40 PM;449;24.3;24.4;9.6;9.8;
9/19/2017 1:07:41 PM;450;24.3;24.4;9.6;9.8;
9/19/2017 1:07:42 PM;451;24.3;24.4;9.6;9.8;
9/19/2017 1:07:43 PM;452;24.3;24.4;9.6;9.8;
9/19/2017 1:07:44 PM;453;24.3;24.4;9.6;9.8;
9/19/2017 1:07:45 PM;454;24.3;24.4;9.6;9.8;
9/19/2017 1:07:46 PM;455;24.3;24.4;9.6;9.8;
9/19/2017 1:07:47 PM;456;24.3;24.4;9.6;9.8;
9/19/2017 1:07:48 PM;457;24.3;24.4;9.7;9.8;
9/19/2017 1:07:49 PM;458;24.3;24.4;9.7;9.8;
9/19/2017 1:07:50 PM;459;24.3;24.4;9.7;9.8;
9/19/2017 1:07:51 PM;460;24.3;24.4;9.7;9.8;
9/19/2017 1:07:52 PM;461;24.3;24.4;9.7;9.8;
9/19/2017 1:07:53 PM;462;24.3;24.4;9.7;9.8;
9/19/2017 1:07:54 PM;463;24.3;24.4;9.7;9.8;
9/19/2017 1:07:55 PM;464;24.3;24.4;9.7;9.8;
9/19/2017 1:07:56 PM;465;24.3;24.4;9.7;9.8;
9/19/2017 1:07:57 PM;466;24.3;24.4;9.7;9.8;
9/19/2017 1:07:58 PM;467;24.3;24.4;9.7;9.8;
9/19/2017 1:07:59 PM;468;24.3;24.4;9.7;9.8;
9/19/2017 1:08:00 PM;469;24.3;24.5;9.7;9.8;
9/19/2017 1:08:01 PM;470;24.3;24.4;9.6;9.8;
9/19/2017 1:08:02 PM;471;24.3;24.4;9.6;9.8;
9/19/2017 1:08:03 PM;472;24.3;24.4;9.6;9.8;
9/19/2017 1:08:04 PM;473;24.3;24.4;9.6;9.8;
9/19/2017 1:08:05 PM;474;24.3;24.4;9.6;9.8;
9/19/2017 1:08:06 PM;475;24.3;24.4;9.7;9.8;
9/19/2017 1:08:07 PM;476;24.3;24.5;9.7;9.8;
9/19/2017 1:08:08 PM;477;24.3;24.5;9.7;9.8;
9/19/2017 1:08:09 PM;478;24.3;24.5;9.7;9.8;
9/19/2017 1:08:10 PM;479;24.3;24.4;9.7;9.8;
9/19/2017 1:08:11 PM;480;24.3;24.4;9.7;9.8;
9/19/2017 1:08:12 PM;481;24.3;24.4;9.7;9.8;
9/19/2017 1:08:13 PM;482;24.3;24.4;9.7;9.8;
9/19/2017 1:08:14 PM;483;24.3;24.4;9.7;9.8;
9/19/2017 1:08:15 PM;484;24.3;24.4;9.7;9.8;
9/19/2017 1:08:16 PM;485;24.3;24.4;9.7;9.8;
9/19/2017 1:08:17 PM;486;24.3;24.4;9.7;9.8;
9/19/2017 1:08:18 PM;487;24.3;24.4;9.7;9.8;
9/19/2017 1:08:19 PM;488;24.3;24.4;9.7;9.8;
9/19/2017 1:08:20 PM;489;24.3;24.4;9.7;9.8;
9/19/2017 1:08:21 PM;490;24.3;24.4;9.7;9.8;
9/19/2017 1:08:22 PM;491;24.3;24.4;9.7;9.8;
9/19/2017 1:08:23 PM;492;24.3;24.4;9.7;9.8;
9/19/2017 1:08:24 PM;493;24.3;24.5;9.7;9.8;
9/19/2017 1:08:25 PM;494;24.3;24.5;9.7;9.8;
9/19/2017 1:08:26 PM;495;24.3;24.5;9.7;9.8;
9/19/2017 1:08:27 PM;496;24.3;24.5;9.7;9.8;
9/19/2017 1:08:28 PM;497;24.3;24.4;9.7;9.8;
9/19/2017 1:08:29 PM;498;24.3;24.4;9.7;9.8;
9/19/2017 1:08:30 PM;499;24.3;24.4;9.7;9.8;
9/19/2017 1:08:31 PM;500;24.3;24.4;9.7;9.8;
9/19/2017 1:08:32 PM;501;24.3;24.4;9.7;9.8;
9/19/2017 1:08:33 PM;502;24.3;24.4;9.7;9.8;
9/19/2017 1:08:34 PM;503;24.3;24.4;9.7;9.8;
9/19/2017 1:08:35 PM;504;24.3;24.4;9.7;9.8;
9/19/2017 1:08:36 PM;505;24.3;24.4;9.7;9.8;
9/19/2017 1:08:37 PM;506;24.3;24.4;9.7;9.8;
9/19/2017 1:08:38 PM;507;24.3;24.4;9.7;9.8;
9/19/2017 1:08:39 PM;508;24.3;24.4;9.7;9.8;
9/19/2017 1:08:40 PM;509;24.3;24.4;9.7;9.8;
9/19/2017 1:08:41 PM;510;24.3;24.4;9.7;9.8;
9/19/2017 1:08:42 PM;511;24.3;24.4;9.7;9.8;
9/19/2017 1:08:43 PM;512;24.3;24.4;9.7;9.8;
9/19/2017 1:08:44 PM;513;24.3;24.4;9.6;9.8;
9/19/2017 1:08:45 PM;514;24.3;24.4;9.6;9.8;
9/19/2017 1:08:46 PM;515;24.3;24.4;9.6;9.8;
9/19/2017 1:08:47 PM;516;24.3;24.4;9.6;9.8;
9/19/2017 1:08:48 PM;517;24.3;24.4;9.6;9.8;
9/19/2017 1:08:49 PM;518;24.3;24.4;9.7;9.8;
9/19/2017 1:08:50 PM;519;24.3;24.4;9.6;9.8;
9/19/2017 1:08:51 PM;520;24.3;24.4;9.6;9.8;
9/19/2017 1:08:52 PM;521;24.3;24.4;9.6;9.8;
9/19/2017 1:08:53 PM;522;24.3;24.4;9.6;9.8;
9/19/2017 1:08:54 PM;523;24.3;24.4;9.6;9.8;
9/19/2017 1:08:55 PM;524;24.3;24.4;9.6;9.8;
9/19/2017 1:08:56 PM;525;24.3;24.4;9.6;9.8;
9/19/2017 1:08:57 PM;526;24.3;24.4;9.7;9.8;
9/19/2017 1:08:58 PM;527;24.3;24.4;9.7;9.8;
9/19/2017 1:08:59 PM;528;24.3;24.4;9.7;9.8;
9/19/2017 1:09:00 PM;529;24.3;24.4;9.7;9.8;
9/19/2017 1:09:01 PM;530;24.3;24.4;9.7;9.8;
9/19/2017 1:09:02 PM;531;24.3;24.4;9.7;9.8;
9/19/2017 1:09:03 PM;532;24.3;24.4;9.7;9.8;
9/19/2017 1:09:04 PM;533;24.3;24.4;9.7;9.8;
9/19/2017 1:09:05 PM;534;24.3;24.4;9.6;9.8;
9/19/2017 1:09:06 PM;535;24.3;24.4;9.6;9.8;
9/19/2017 1:09:07 PM;536;24.3;24.4;9.6;9.8;
9/19/2017 1:09:08 PM;537;24.3;24.4;9.6;9.8;
9/19/2017 1:09:09 PM;538;24.3;24.4;9.6;9.8;
9/19/2017 1:09:10 PM;539;24.3;24.5;9.6;9.8;
9/19/2017 1:09:11 PM;540;24.3;24.5;9.7;9.8;
9/19/2017 1:09:12 PM;541;24.3;24.5;9.6;9.8;
9/19/2017 1:09:13 PM;542;24.3;24.5;9.6;9.8;
9/19/2017 1:09:14 PM;543;24.3;24.4;9.6;9.8;
9/19/2017 1:09:15 PM;544;24.3;24.4;9.6;9.8;
9/19/2017 1:09:16 PM;545;24.3;24.4;9.6;9.8;
9/19/2017 1:09:17 PM;546;24.3;24.4;9.6;9.8;
9/19/2017 1:09:18 PM;547;24.3;24.4;9.6;9.8;
9/19/2017 1:09:19 PM;548;24.3;24.4;9.6;9.8;
9/19/2017 1:09:20 PM;549;24.3;24.4;9.6;9.8;
9/19/2017 1:09:21 PM;550;24.3;24.4;9.6;9.8;
9/19/2017 1:09:22 PM;551;24.3;24.5;9.6;9.8;
9/19/2017 1:09:23 PM;552;24.3;24.4;9.6;9.8;
9/19/2017 1:09:24 PM;553;24.3;24.4;9.7;9.8;
9/19/2017 1:09:25 PM;554;24.3;24.4;9.7;9.8;
9/19/2017 1:09:26 PM;555;24.3;24.4;9.7;9.8;
9/19/2017 1:09:27 PM;556;24.3;24.4;9.7;9.8;
9/19/2017 1:09:28 PM;557;24.3;24.4;9.7;9.8;
9/19/2017 1:09:29 PM;558;24.3;24.4;9.6;9.8;
9/19/2017 1:09:30 PM;559;24.3;24.4;9.6;9.8;
9/19/2017 1:09:31 PM;560;24.3;24.4;9.6;9.8;
9/19/2017 1:09:32 PM;561;24.3;24.4;9.6;9.8;
9/19/2017 1:09:33 PM;562;24.3;24.4;9.6;9.8;
9/19/2017 1:09:34 PM;563;24.3;24.4;9.7;9.8;
9/19/2017 1:09:35 PM;564;24.3;24.4;9.7;9.8;
9/19/2017 1:09:36 PM;565;24.3;24.4;9.7;9.8;
9/19/2017 1:09:37 PM;566;24.3;24.4;9.7;9.8;
9/19/2017 1:09:38 PM;567;24.3;24.4;9.7;9.8;
9/19/2017 1:09:39 PM;568;24.3;24.4;9.6;9.8;
9/19/2017 1:09:40 PM;569;24.3;24.4;9.6;9.8;
9/19/2017 1:09:41 PM;570;24.3;24.4;9.6;9.8;
9/19/2017 1:09:42 PM;571;24.3;24.4;9.6;9.8;
9/19/2017 1:09:43 PM;572;24.3;24.4;9.6;9.8;
9/19/2017 1:09:44 PM;573;24.3;24.4;9.7;9.8;
9/19/2017 1:09:45 PM;574;24.3;24.4;9.6;9.8;
9/19/2017 1:09:46 PM;575;24.3;24.4;9.6;9.8;
9/19/2017 1:09:47 PM;576;24.3;24.4;9.6;9.8;
9/19/2017 1:09:48 PM;577;24.3;24.4;9.6;9.8;
9/19/2017 1:09:49 PM;578;24.3;24.4;9.6;9.8;
9/19/2017 1:09:50 PM;579;24.3;24.4;9.6;9.8;
9/19/2017 1:09:51 PM;580;24.3;24.4;9.6;9.8;
9/19/2017 1:09:52 PM;581;24.3;24.4;9.6;9.8;
9/19/2017 1:09:53 PM;582;24.3;24.4;9.6;9.8;
9/19/2017 1:09:54 PM;583;24.3;24.4;9.6;9.8;
9/19/2017 1:09:55 PM;584;24.3;24.4;9.6;9.8;
9/19/2017 1:09:56 PM;585;24.3;24.4;9.6;9.8;
9/19/2017 1:09:57 PM;586;24.3;24.4;9.7;9.8;
9/19/2017 1:09:58 PM;587;24.3;24.4;9.7;9.8;
9/19/2017 1:09:59 PM;588;24.3;24.4;9.7;9.8;
9/19/2017 1:10:00 PM;589;24.3;24.5;9.7;9.8;
9/19/2017 1:10:01 PM;590;24.3;24.5;9.7;9.8;
9/19/2017 1:10:02 PM;591;24.3;24.4;9.7;9.8;
9/19/2017 1:10:03 PM;592;24.3;24.4;9.7;9.8;
9/19/2017 1:10:04 PM;593;24.3;24.4;9.7;9.8;
9/19/2017 1:10:05 PM;594;24.3;24.4;9.7;9.8;
9/19/2017 1:10:06 PM;595;24.3;24.4;9.7;9.8;
9/19/2017 1:10:07 PM;596;24.3;24.5;9.7;9.8;
9/19/2017 1:10:08 PM;597;24.3;24.5;9.7;9.8;
9/19/2017 1:10:09 PM;598;24.3;24.5;9.7;9.8;
9/19/2017 1:10:10 PM;599;24.3;24.4;9.7;9.8;
9/19/2017 1:10:11 PM;600;24.3;24.4;9.7;9.8;
9/19/2017 1:10:12 PM;601;24.3;24.4;9.7;9.8;
9/19/2017 1:10:13 PM;602;24.3;24.4;9.6;9.8;
9/19/2017 1:10:14 PM;603;24.3;24.4;9.6;9.8;
9/19/2017 1:10:15 PM;604;24.3;24.4;9.6;9.8;
9/19/2017 1:10:16 PM;605;24.3;24.4;9.6;9.8;
9/19/2017 1:10:17 PM;606;24.3;24.4;9.6;9.8;
9/19/2017 1:10:18 PM;607;24.3;24.4;9.7;9.8;
9/19/2017 1:10:19 PM;608;24.3;24.4;9.7;9.8;
9/19/2017 1:10:20 PM;609;24.3;24.4;9.7;9.8;
9/19/2017 1:10:21 PM;610;24.3;24.4;9.7;9.8;
9/19/2017 1:10:22 PM;611;24.3;24.4;9.7;9.8;
9/19/2017 1:10:23 PM;612;24.3;24.4;9.6;9.8;
9/19/2017 1:10:24 PM;613;24.3;24.4;9.6;9.8;
9/19/2017 1:10:25 PM;614;24.3;24.4;9.6;9.8;
9/19/2017 1:10:26 PM;615;24.3;24.4;9.6;9.8;
9/19/2017 1:10:27 PM;616;24.3;24.4;9.6;9.8;
9/19/2017 1:10:28 PM;617;24.3;24.4;9.7;9.8;
9/19/2017 1:10:29 PM;618;24.3;24.4;9.7;9.8;
9/19/2017 1:10:30 PM;619;24.3;24.4;9.7;9.8;
9/19/2017 1:10:31 PM;620;24.3;24.4;9.7;9.8;
9/19/2017 1:10:32 PM;621;24.3;24.4;9.7;9.8;
9/19/2017 1:10:33 PM;622;24.3;24.5;9.7;9.8;
9/19/2017 1:10:34 PM;623;24.3;24.5;9.7;9.8;
9/19/2017 1:10:35 PM;624;24.3;24.5;9.7;9.8;
9/19/2017 1:10:36 PM;625;24.3;24.5;9.7;9.8;
9/19/2017 1:10:37 PM;626;24.3;24.5;9.7;9.8;
9/19/2017 1:10:38 PM;627;24.3;24.5;9.7;9.8;
9/19/2017 1:10:39 PM;628;24.3;24.5;9.7;9.8;
9/19/2017 1:10:40 PM;629;24.3;24.5;9.7;9.8;
9/19/2017 1:10:41 PM;630;24.3;24.4;9.7;9.8;
9/19/2017 1:10:42 PM;631;24.3;24.4;9.7;9.8;
9/19/2017 1:10:43 PM;632;24.3;24.4;9.7;9.8;
9/19/2017 1:10:44 PM;633;24.3;24.4;9.7;9.8;
9/19/2017 1:10:45 PM;634;24.3;24.4;9.7;9.8;
9/19/2017 1:10:46 PM;635;24.3;24.4;9.7;9.8;
9/19/2017 1:10:47 PM;636;24.3;24.4;9.7;9.8;
9/19/2017 1:10:48 PM;637;24.3;24.4;9.6;9.8;
9/19/2017 1:10:49 PM;638;24.3;24.4;9.6;9.8;
9/19/2017 1:10:50 PM;639;24.3;24.4;9.6;9.8;
9/19/2017 1:10:51 PM;640;24.3;24.5;9.6;9.8;
9/19/2017 1:10:52 PM;641;24.3;24.5;9.6;9.8;
9/19/2017 1:10:53 PM;642;24.3;24.4;9.7;9.8;
9/19/2017 1:10:54 PM;643;24.3;24.4;9.7;9.8;
9/19/2017 1:10:55 PM;644;24.3;24.4;9.7;9.8;
9/19/2017 1:10:56 PM;645;24.3;24.4;9.7;9.8;
9/19/2017 1:10:57 PM;646;24.3;24.4;9.7;9.8;
9/19/2017 1:10:58 PM;647;24.3;24.4;9.7;9.8;
9/19/2017 1:10:59 PM;648;24.3;24.4;9.7;9.8;
9/19/2017 1:11:00 PM;649;24.3;24.4;9.7;9.8;
9/19/2017 1:11:01 PM;650;24.3;24.4;9.7;9.8;
9/19/2017 1:11:02 PM;651;24.3;24.4;9.7;9.8;
9/19/2017 1:11:03 PM;652;24.3;24.4;9.7;9.8;
9/19/2017 1:11:04 PM;653;24.3;24.4;9.7;9.8;
9/19/2017 1:11:05 PM;654;24.3;24.4;9.7;9.8;
9/19/2017 1:11:06 PM;655;24.3;24.4;9.7;9.8;
9/19/2017 1:11:07 PM;656;24.3;24.4;9.7;9.8;
9/19/2017 1:11:08 PM;657;24.3;24.4;9.7;9.8;
9/19/2017 1:11:09 PM;658;24.3;24.5;9.7;9.8;
9/19/2017 1:11:10 PM;659;24.3;24.5;9.7;9.8;
9/19/2017 1:11:11 PM;660;24.3;24.5;9.7;9.8;
9/19/2017 1:11:12 PM;661;24.3;24.5;9.7;9.8;
9/19/2017 1:11:13 PM;662;24.3;24.5;9.7;9.8;
9/19/2017 1:11:14 PM;663;24.3;24.4;9.7;9.8;
9/19/2017 1:11:15 PM;664;24.3;24.4;9.7;9.8;
9/19/2017 1:11:16 PM;665;24.3;24.4;9.7;9.8;
9/19/2017 1:11:17 PM;666;24.3;24.4;9.7;9.8;
9/19/2017 1:11:18 PM;667;24.3;24.4;9.7;9.8;
9/19/2017 1:11:19 PM;668;24.3;24.4;9.7;9.8;
9/19/2017 1:11:20 PM;669;24.3;24.4;9.7;9.8;
9/19/2017 1:11:21 PM;670;24.3;24.4;9.7;9.8;
9/19/2017 1:11:22 PM;671;24.3;24.5;9.7;9.8;
9/19/2017 1:11:23 PM;672;24.3;24.5;9.7;9.8;
9/19/2017 1:11:24 PM;673;24.3;24.5;9.7;9.8;
9/19/2017 1:11:25 PM;674;24.3;24.5;9.7;9.8;
9/19/2017 1:11:26 PM;675;24.3;24.4;9.7;9.8;
9/19/2017 1:11:27 PM;676;24.3;24.4;9.7;9.8;
9/19/2017 1:11:28 PM;677;24.3;24.4;9.7;9.8;
9/19/2017 1:11:29 PM;678;24.3;24.4;9.7;9.8;
9/19/2017 1:11:30 PM;679;24.3;24.4;9.7;9.8;
9/19/2017 1:11:31 PM;680;24.3;24.4;9.7;9.8;
9/19/2017 1:11:32 PM;681;24.3;24.4;9.7;9.8;
9/19/2017 1:11:33 PM;682;24.3;24.4;9.7;9.8;
9/19/2017 1:11:34 PM;683;24.3;24.4;9.7;9.8;
9/19/2017 1:11:35 PM;684;24.3;24.4;9.7;9.8;
9/19/2017 1:11:36 PM;685;24.3;24.4;9.7;9.8;
9/19/2017 1:11:37 PM;686;24.3;24.4;9.7;9.8;
9/19/2017 1:11:38 PM;687;24.3;24.4;9.7;9.8;
9/19/2017 1:11:39 PM;688;24.3;24.4;9.7;9.8;
9/19/2017 1:11:40 PM;689;24.3;24.4;9.7;9.8;
9/19/2017 1:11:41 PM;690;24.3;24.4;9.7;9.8;
9/19/2017 1:11:42 PM;691;24.3;24.4;9.7;9.8;
9/19/2017 1:11:43 PM;692;24.3;24.4;9.7;9.8;
9/19/2017 1:11:44 PM;693;24.3;24.4;9.7;9.8;
9/19/2017 1:11:45 PM;694;24.3;24.4;9.7;9.8;
9/19/2017 1:11:46 PM;695;24.3;24.5;9.7;9.8;
9/19/2017 1:11:47 PM;696;24.3;24.4;9.7;9.8;
9/19/2017 1:11:48 PM;697;24.3;24.4;9.7;9.8;
9/19/2017 1:11:49 PM;698;24.3;24.4;9.7;9.8;
9/19/2017 1:11:50 PM;699;24.3;24.4;9.7;9.8;
9/19/2017 1:11:51 PM;700;24.3;24.4;9.7;9.8;
9/19/2017 1:11:52 PM;701;24.3;24.4;9.7;9.8;
9/19/2017 1:11:53 PM;702;24.3;24.4;9.7;9.8;
9/19/2017 1:11:54 PM;703;24.3;24.4;9.7;9.8;
9/19/2017 1:11:55 PM;704;24.3;24.4;9.7;9.8;
9/19/2017 1:11:56 PM;705;24.3;24.4;9.7;9.8;
9/19/2017 1:11:57 PM;706;24.3;24.5;9.7;9.8;
9/19/2017 1:11:58 PM;707;24.3;24.5;9.7;9.8;
9/19/2017 1:11:59 PM;708;24.3;24.4;9.7;9.8;
9/19/2017 1:12:00 PM;709;24.3;24.4;9.7;9.8;
9/19/2017 1:12:01 PM;710;24.3;24.4;9.7;9.8;
9/19/2017 1:12:02 PM;711;24.3;24.4;9.7;9.8;
9/19/2017 1:12:03 PM;712;24.3;24.4;9.7;9.8;
9/19/2017 1:12:04 PM;713;24.3;24.5;9.7;9.8;
9/19/2017 1:12:05 PM;714;24.3;24.5;9.7;9.8;
9/19/2017 1:12:06 PM;715;24.3;24.5;9.7;9.8;
9/19/2017 1:12:07 PM;716;24.3;24.5;9.7;9.8;
9/19/2017 1:12:08 PM;717;24.3;24.4;9.7;9.8;
9/19/2017 1:12:09 PM;718;24.3;24.4;9.7;9.8;
9/19/2017 1:12:10 PM;719;24.3;24.4;9.7;9.8;
9/19/2017 1:12:11 PM;720;24.3;24.4;9.7;9.8;
9/19/2017 1:12:12 PM;721;24.3;24.4;9.7;9.8;
9/19/2017 1:12:13 PM;722;24.3;24.4;9.7;9.8;
9/19/2017 1:12:14 PM;723;24.3;24.4;9.7;9.8;
9/19/2017 1:12:15 PM;724;24.3;24.4;9.7;9.8;
9/19/2017 1:12:16 PM;725;24.3;24.4;9.7;9.8;
9/19/2017 1:12:17 PM;726;24.3;24.4;9.7;9.8;
9/19/2017 1:12:18 PM;727;24.3;24.4;9.7;9.8;
9/19/2017 1:12:19 PM;728;24.3;24.4;9.7;9.8;
9/19/2017 1:12:20 PM;729;24.3;24.4;9.7;9.8;
9/19/2017 1:12:21 PM;730;24.3;24.4;9.7;9.8;
9/19/2017 1:12:22 PM;731;24.3;24.4;9.7;9.8;
9/19/2017 1:12:23 PM;732;24.3;24.4;9.7;9.8;
9/19/2017 1:12:24 PM;733;24.3;24.4;9.7;9.8;
9/19/2017 1:12:25 PM;734;24.3;24.4;9.7;9.8;
9/19/2017 1:12:26 PM;735;24.3;24.4;9.7;9.8;
9/19/2017 1:12:27 PM;736;24.3;24.4;9.7;9.8;
9/19/2017 1:12:28 PM;737;24.3;24.4;9.7;9.8;
9/19/2017 1:12:29 PM;738;24.3;24.4;9.7;9.8;
9/19/2017 1:12:30 PM;739;24.3;24.4;9.7;9.8;
9/19/2017 1:12:31 PM;740;24.3;24.4;9.7;9.8;
9/19/2017 1:12:32 PM;741;24.3;24.4;9.7;9.8;
9/19/2017 1:12:33 PM;742;24.3;24.4;9.7;9.8;
9/19/2017 1:12:34 PM;743;24.3;24.4;9.7;9.8;
9/19/2017 1:12:35 PM;744;24.3;24.4;9.7;9.8;
9/19/2017 1:12:36 PM;745;24.3;24.4;9.7;9.8;
9/19/2017 1:12:37 PM;746;24.3;24.4;9.7;9.8;
9/19/2017 1:12:38 PM;747;24.3;24.4;9.7;9.8;
9/19/2017 1:12:39 PM;748;24.3;24.4;9.7;9.8;
9/19/2017 1:12:40 PM;749;24.3;24.4;9.7;9.8;
9/19/2017 1:12:41 PM;750;24.3;24.4;9.7;9.8;
9/19/2017 1:12:42 PM;751;24.3;24.4;9.7;9.8;
9/19/2017 1:12:43 PM;752;24.3;24.4;9.7;9.8;
9/19/2017 1:12:44 PM;753;24.3;24.4;9.7;9.8;
9/19/2017 1:12:45 PM;754;24.3;24.4;9.7;9.8;
9/19/2017 1:12:46 PM;755;24.3;24.4;9.7;9.8;
9/19/2017 1:12:47 PM;756;24.3;24.4;9.7;9.8;
9/19/2017 1:12:48 PM;757;24.3;24.4;9.7;9.8;
9/19/2017 1:12:49 PM;758;24.3;24.4;9.7;9.8;
9/19/2017 1:12:50 PM;759;24.3;24.4;9.7;9.8;
9/19/2017 1:12:51 PM;760;24.3;24.4;9.7;9.8;
9/19/2017 1:12:52 PM;761;24.3;24.4;9.7;9.8;
9/19/2017 1:12:53 PM;762;24.3;24.4;9.7;9.8;
9/19/2017 1:12:54 PM;763;24.3;24.4;9.7;9.8;
9/19/2017 1:12:55 PM;764;24.3;24.5;9.7;9.8;
9/19/2017 1:12:56 PM;765;24.3;24.5;9.7;9.8;
9/19/2017 1:12:57 PM;766;24.3;24.5;9.7;9.8;
9/19/2017 1:12:58 PM;767;24.3;24.5;9.7;9.8;
9/19/2017 1:12:59 PM;768;24.3;24.5;9.7;9.8;
9/19/2017 1:13:00 PM;769;24.3;24.5;9.7;9.8;
9/19/2017 1:13:01 PM;770;24.3;24.5;9.7;9.8;
9/19/2017 1:13:02 PM;771;24.3;24.4;9.7;9.8;
9/19/2017 1:13:03 PM;772;24.3;24.4;9.7;9.8;
9/19/2017 1:13:04 PM;773;24.3;24.4;9.7;9.8;
9/19/2017 1:13:05 PM;774;24.3;24.4;9.7;9.8;
9/19/2017 1:13:06 PM;775;24.3;24.4;9.7;9.8;
9/19/2017 1:13:07 PM;776;24.3;24.4;9.7;9.8;
9/19/2017 1:13:08 PM;777;24.3;24.4;9.7;9.8;
9/19/2017 1:13:09 PM;778;24.3;24.4;9.7;9.8;
9/19/2017 1:13:10 PM;779;24.3;24.4;9.7;9.8;
9/19/2017 1:13:11 PM;780;24.3;24.4;9.7;9.8;
9/19/2017 1:13:12 PM;781;24.3;24.4;9.7;9.8;
9/19/2017 1:13:13 PM;782;24.3;24.4;9.7;9.8;
9/19/2017 1:13:14 PM;783;24.3;24.4;9.7;9.8;
9/19/2017 1:13:15 PM;784;24.3;24.4;9.7;9.8;
9/19/2017 1:13:16 PM;785;24.3;24.4;9.7;9.8;
9/19/2017 1:13:17 PM;786;24.3;24.4;9.7;9.8;
9/19/2017 1:13:18 PM;787;24.3;24.4;9.7;9.8;
9/19/2017 1:13:19 PM;788;24.3;24.4;9.7;9.8;
9/19/2017 1:13:20 PM;789;24.3;24.4;9.7;9.8;
9/19/2017 1:13:21 PM;790;24.3;24.4;9.7;9.8;
9/19/2017 1:13:22 PM;791;24.3;24.4;9.7;9.8;
9/19/2017 1:13:23 PM;792;24.3;24.4;9.7;9.8;
9/19/2017 1:13:24 PM;793;24.3;24.4;9.7;9.8;
9/19/2017 1:13:25 PM;794;24.3;24.4;9.7;9.8;
9/19/2017 1:13:26 PM;795;24.3;24.4;9.7;9.8;
9/19/2017 1:13:27 PM;796;24.3;24.4;9.7;9.8;
9/19/2017 1:13:28 PM;797;24.3;24.4;9.7;9.8;
9/19/2017 1:13:29 PM;798;24.3;24.4;9.7;9.8;
9/19/2017 1:13:30 PM;799;24.3;24.4;9.7;9.8;
9/19/2017 1:13:31 PM;800;24.3;24.4;9.7;9.8;
9/19/2017 1:13:32 PM;801;24.3;24.4;9.7;9.8;
9/19/2017 1:13:33 PM;802;24.3;24.4;9.7;9.8;
9/19/2017 1:13:34 PM;803;24.3;24.4;9.7;9.8;
9/19/2017 1:13:35 PM;804;24.3;24.4;9.7;9.8;
9/19/2017 1:13:36 PM;805;24.3;24.4;9.7;9.8;
9/19/2017 1:13:37 PM;806;24.3;24.4;9.7;9.8;
9/19/2017 1:13:38 PM;807;24.3;24.4;9.7;9.8;
9/19/2017 1:13:39 PM;808;24.3;24.4;9.7;9.8;
9/19/2017 1:13:40 PM;809;24.3;24.4;9.7;9.8;
9/19/2017 1:13:41 PM;810;24.3;24.4;9.7;9.8;
9/19/2017 1:13:42 PM;811;24.3;24.4;9.7;9.8;
9/19/2017 1:13:43 PM;812;24.3;24.4;9.7;9.8;
9/19/2017 1:13:44 PM;813;24.3;24.4;9.7;9.8;
9/19/2017 1:13:45 PM;814;24.3;24.4;9.7;9.8;
9/19/2017 1:13:46 PM;815;24.3;24.4;9.7;9.8;
9/19/2017 1:13:47 PM;816;24.3;24.4;9.7;9.8;
9/19/2017 1:13:48 PM;817;24.3;24.4;9.7;9.8;
9/19/2017 1:13:49 PM;818;24.3;24.4;9.7;9.8;
9/19/2017 1:13:50 PM;819;24.3;24.4;9.7;9.8;
9/19/2017 1:13:51 PM;820;24.3;24.4;9.7;9.8;
9/19/2017 1:13:52 PM;821;24.3;24.4;9.7;9.8;
9/19/2017 1:13:53 PM;822;24.3;24.4;9.7;9.8;
9/19/2017 1:13:54 PM;823;24.3;24.4;9.7;9.8;
9/19/2017 1:13:55 PM;824;24.3;24.4;9.7;9.8;
9/19/2017 1:13:56 PM;825;24.3;24.4;9.7;9.8;
9/19/2017 1:13:57 PM;826;24.3;24.4;9.7;9.8;
9/19/2017 1:13:58 PM;827;24.3;24.4;9.7;9.8;
9/19/2017 1:13:59 PM;828;24.3;24.4;9.7;9.8;
9/19/2017 1:14:00 PM;829;24.3;24.4;9.7;9.8;
9/19/2017 1:14:01 PM;830;24.3;24.4;9.7;9.8;
9/19/2017 1:14:02 PM;831;24.3;24.4;9.7;9.8;
9/19/2017 1:14:03 PM;832;24.3;24.4;9.7;9.8;
9/19/2017 1:14:04 PM;833;24.3;24.4;9.7;9.8;
9/19/2017 1:14:05 PM;834;24.3;24.4;9.7;9.8;
9/19/2017 1:14:06 PM;835;24.3;24.4;9.7;9.8;
9/19/2017 1:14:07 PM;836;24.3;24.5;9.7;9.8;
9/19/2017 1:14:08 PM;837;24.3;24.4;9.7;9.8;
9/19/2017 1:14:09 PM;838;24.3;24.4;9.7;9.8;
9/19/2017 1:14:10 PM;839;24.3;24.4;9.7;9.8;
9/19/2017 1:14:11 PM;840;24.3;24.4;9.7;9.8;
9/19/2017 1:14:12 PM;841;24.3;24.4;9.7;9.8;
9/19/2017 1:14:13 PM;842;24.3;24.4;9.7;9.8;
9/19/2017 1:14:14 PM;843;24.3;24.4;9.7;9.8;
9/19/2017 1:14:15 PM;844;24.3;24.4;9.7;9.8;
9/19/2017 1:14:16 PM;845;24.3;24.4;9.7;9.8;
9/19/2017 1:14:17 PM;846;24.3;24.4;9.7;9.8;
9/19/2017 1:14:18 PM;847;24.3;24.4;9.7;9.8;
9/19/2017 1:14:19 PM;848;24.3;24.4;9.7;9.8;
9/19/2017 1:14:20 PM;849;24.3;24.4;9.7;9.8;
9/19/2017 1:14:21 PM;850;24.3;24.4;9.7;9.8;
9/19/2017 1:14:22 PM;851;24.3;24.4;9.7;9.8;
9/19/2017 1:14:23 PM;852;24.3;24.4;9.7;9.8;
9/19/2017 1:14:24 PM;853;24.3;24.4;9.7;9.8;
9/19/2017 1:14:25 PM;854;24.3;24.4;9.7;9.8;
9/19/2017 1:14:26 PM;855;24.3;24.4;9.7;9.8;
9/19/2017 1:14:27 PM;856;24.3;24.4;9.7;9.8;
9/19/2017 1:14:28 PM;857;24.3;24.4;9.7;9.8;
9/19/2017 1:14:29 PM;858;24.3;24.4;9.7;9.8;
9/19/2017 1:14:30 PM;859;24.3;24.4;9.7;9.8;
9/19/2017 1:14:31 PM;860;24.3;24.4;9.7;9.8;
9/19/2017 1:14:32 PM;861;24.3;24.4;9.7;9.8;
9/19/2017 1:14:33 PM;862;24.3;24.4;9.7;9.8;
9/19/2017 1:14:34 PM;863;24.3;24.4;9.7;9.8;
9/19/2017 1:14:35 PM;864;24.3;24.4;9.7;9.8;
9/19/2017 1:14:36 PM;865;24.3;24.4;9.7;9.8;
9/19/2017 1:14:37 PM;866;24.3;24.4;9.7;9.8;
9/19/2017 1:14:38 PM;867;24.3;24.4;9.7;9.8;
9/19/2017 1:14:39 PM;868;24.3;24.4;9.7;9.8;
9/19/2017 1:14:40 PM;869;24.3;24.4;9.7;9.8;
9/19/2017 1:14:41 PM;870;24.3;24.4;9.7;9.8;
9/19/2017 1:14:42 PM;871;24.3;24.4;9.7;9.8;
9/19/2017 1:14:43 PM;872;24.3;24.4;9.7;9.8;
9/19/2017 1:14:44 PM;873;24.3;24.4;9.7;9.8;
9/19/2017 1:14:45 PM;874;24.3;24.4;9.7;9.8;
9/19/2017 1:14:46 PM;875;24.3;24.4;9.7;9.8;
9/19/2017 1:14:47 PM;876;24.3;24.4;9.7;9.8;
9/19/2017 1:14:48 PM;877;24.3;24.4;9.7;9.8;
9/19/2017 1:14:49 PM;878;24.3;24.4;9.7;9.8;
9/19/2017 1:14:50 PM;879;24.3;24.4;9.7;9.8;
9/19/2017 1:14:51 PM;880;24.3;24.4;9.7;9.8;
9/19/2017 1:14:52 PM;881;24.3;24.4;9.7;9.8;
9/19/2017 1:14:53 PM;882;24.3;24.4;9.7;9.8;
9/19/2017 1:14:54 PM;883;24.3;24.4;9.7;9.8;
9/19/2017 1:14:55 PM;884;24.3;24.4;9.7;9.8;
9/19/2017 1:14:56 PM;885;24.3;24.4;9.7;9.8;
9/19/2017 1:14:57 PM;886;24.3;24.4;9.7;9.8;
9/19/2017 1:14:58 PM;887;24.3;24.4;9.7;9.8;
9/19/2017 1:14:59 PM;888;24.3;24.4;9.7;9.8;
9/19/2017 1:15:00 PM;889;24.3;24.4;9.7;9.8;
9/19/2017 1:15:01 PM;890;24.3;24.4;9.7;9.8;
9/19/2017 1:15:02 PM;891;24.3;24.5;9.7;9.8;
9/19/2017 1:15:03 PM;892;24.3;24.4;9.7;9.8;
9/19/2017 1:15:04 PM;893;24.3;24.4;9.7;9.8;
9/19/2017 1:15:05 PM;894;24.3;24.4;9.7;9.8;
9/19/2017 1:15:06 PM;895;24.3;24.4;9.7;9.8;
9/19/2017 1:15:07 PM;896;24.3;24.4;9.7;9.8;
9/19/2017 1:15:08 PM;897;24.3;24.4;9.7;9.8;
9/19/2017 1:15:09 PM;898;24.3;24.4;9.7;9.8;
9/19/2017 1:15:10 PM;899;24.3;24.4;9.7;9.8;
9/19/2017 1:15:11 PM;900;24.3;24.4;9.7;9.8;
9/19/2017 1:15:12 PM;901;24.3;24.4;9.7;9.8;
9/19/2017 1:15:13 PM;902;24.3;24.4;9.7;9.8;
9/19/2017 1:15:14 PM;903;24.3;24.4;9.7;9.8;
9/19/2017 1:15:15 PM;904;24.3;24.4;9.7;9.8;
9/19/2017 1:15:16 PM;905;24.3;24.4;9.7;9.8;
9/19/2017 1:15:17 PM;906;24.3;24.4;9.7;9.8;
9/19/2017 1:15:18 PM;907;24.3;24.4;9.7;9.8;
9/19/2017 1:15:19 PM;908;24.3;24.4;9.7;9.8;
9/19/2017 1:15:20 PM;909;24.3;24.4;9.7;9.8;
9/19/2017 1:15:21 PM;910;24.3;24.4;9.7;9.8;
9/19/2017 1:15:22 PM;911;24.3;24.4;9.7;9.8;
9/19/2017 1:15:23 PM;912;24.3;24.4;9.7;9.8;
9/19/2017 1:15:24 PM;913;24.3;24.4;9.7;9.8;
9/19/2017 1:15:25 PM;914;24.3;24.4;9.7;9.8;
9/19/2017 1:15:26 PM;915;24.3;24.4;9.7;9.8;
9/19/2017 1:15:27 PM;916;24.3;24.4;9.7;9.8;
9/19/2017 1:15:28 PM;917;24.3;24.4;9.7;9.8;
9/19/2017 1:15:29 PM;918;24.3;24.4;9.7;9.8;
9/19/2017 1:15:30 PM;919;24.3;24.4;9.7;9.8;
9/19/2017 1:15:31 PM;920;24.3;24.4;9.7;9.8;
9/19/2017 1:15:32 PM;921;24.3;24.4;9.7;9.8;
9/19/2017 1:15:33 PM;922;24.3;24.4;9.7;9.8;
9/19/2017 1:15:34 PM;923;24.3;24.4;9.7;9.8;
9/19/2017 1:15:35 PM;924;24.3;24.4;9.7;9.8;
9/19/2017 1:15:36 PM;925;24.3;24.4;9.7;9.8;
9/19/2017 1:15:37 PM;926;24.3;24.4;9.7;9.8;
9/19/2017 1:15:38 PM;927;24.3;24.4;9.7;9.8;
9/19/2017 1:15:39 PM;928;24.3;24.4;9.7;9.8;
9/19/2017 1:15:40 PM;929;24.3;24.4;9.7;9.8;
9/19/2017 1:15:41 PM;930;24.3;24.4;9.7;9.8;
9/19/2017 1:15:42 PM;931;24.3;24.4;9.7;9.8;
9/19/2017 1:15:43 PM;932;24.3;24.4;9.7;9.8;
9/19/2017 1:15:44 PM;933;24.3;24.4;9.7;9.8;
9/19/2017 1:15:45 PM;934;24.3;24.4;9.7;9.8;
9/19/2017 1:15:46 PM;935;24.3;24.4;9.7;9.8;
9/19/2017 1:15:47 PM;936;24.3;24.4;9.7;9.8;
9/19/2017 1:15:48 PM;937;24.3;24.4;9.7;9.8;
9/19/2017 1:15:49 PM;938;24.3;24.4;9.7;9.8;
9/19/2017 1:15:50 PM;939;24.3;24.4;9.7;9.8;
9/19/2017 1:15:51 PM;940;24.3;24.4;9.7;9.8;
9/19/2017 1:15:52 PM;941;24.3;24.4;9.7;9.8;
9/19/2017 1:15:53 PM;942;24.3;24.4;9.7;9.8;
9/19/2017 1:15:54 PM;943;24.3;24.4;9.7;9.8;
9/19/2017 1:15:55 PM;944;24.3;24.4;9.7;9.8;
9/19/2017 1:15:56 PM;945;24.3;24.4;9.7;9.8;
9/19/2017 1:15:57 PM;946;24.3;24.4;9.7;9.8;
9/19/2017 1:15:58 PM;947;24.3;24.4;9.7;9.8;
9/19/2017 1:15:59 PM;948;24.3;24.4;9.7;9.8;
9/19/2017 1:16:00 PM;949;24.3;24.4;9.7;9.8;
9/19/2017 1:16:01 PM;950;24.3;24.4;9.7;9.8;
9/19/2017 1:16:02 PM;951;24.3;24.4;9.7;9.8;
9/19/2017 1:16:03 PM;952;24.3;24.4;9.7;9.8;
9/19/2017 1:16:04 PM;953;24.3;24.4;9.7;9.8;
9/19/2017 1:16:05 PM;954;24.3;24.4;9.7;9.8;
9/19/2017 1:16:06 PM;955;24.3;24.4;9.7;9.8;
9/19/2017 1:16:07 PM;956;24.3;24.4;9.7;9.8;
9/19/2017 1:16:08 PM;957;24.3;24.4;9.7;9.8;
9/19/2017 1:16:09 PM;958;24.3;24.4;9.7;9.8;
9/19/2017 1:16:10 PM;959;24.3;24.4;9.7;9.8;
9/19/2017 1:16:11 PM;960;24.3;24.4;9.7;9.8;
9/19/2017 1:16:12 PM;961;24.3;24.4;9.7;9.8;
9/19/2017 1:16:13 PM;962;24.3;24.4;9.7;9.8;
9/19/2017 1:16:14 PM;963;24.3;24.4;9.7;9.8;
9/19/2017 1:16:15 PM;964;24.3;24.4;9.7;9.8;
9/19/2017 1:16:16 PM;965;24.3;24.4;9.7;9.8;
9/19/2017 1:16:17 PM;966;24.3;24.4;9.7;9.8;
9/19/2017 1:16:18 PM;967;24.3;24.4;9.7;9.8;
9/19/2017 1:16:19 PM;968;24.3;24.4;9.7;9.8;
9/19/2017 1:16:20 PM;969;24.3;24.4;9.7;9.8;
9/19/2017 1:16:21 PM;970;24.3;24.4;9.7;9.8;
9/19/2017 1:16:22 PM;971;24.3;24.4;9.7;9.8;
9/19/2017 1:16:23 PM;972;24.3;24.4;9.7;9.8;
9/19/2017 1:16:24 PM;973;24.3;24.4;9.7;9.8;
9/19/2017 1:16:25 PM;974;24.3;24.4;9.7;9.8;
9/19/2017 1:16:26 PM;975;24.3;24.4;9.7;9.8;
9/19/2017 1:16:27 PM;976;24.3;24.4;9.7;9.8;
9/19/2017 1:16:28 PM;977;24.3;24.4;9.7;9.8;
9/19/2017 1:16:29 PM;978;24.3;24.4;9.7;9.8;
9/19/2017 1:16:30 PM;979;24.3;24.4;9.7;9.8;
9/19/2017 1:16:31 PM;980;24.3;24.4;9.7;9.8;
9/19/2017 1:16:32 PM;981;24.3;24.4;9.7;9.8;
9/19/2017 1:16:33 PM;982;24.3;24.4;9.7;9.8;
9/19/2017 1:16:34 PM;983;24.3;24.4;9.7;9.8;
9/19/2017 1:16:35 PM;984;24.3;24.5;9.7;9.8;
9/19/2017 1:16:36 PM;985;24.3;24.5;9.7;9.8;
9/19/2017 1:16:37 PM;986;24.3;24.5;9.7;9.8;
9/19/2017 1:16:38 PM;987;24.3;24.5;9.7;9.8;
9/19/2017 1:16:39 PM;988;24.3;24.5;9.7;9.8;
9/19/2017 1:16:40 PM;989;24.3;24.5;9.7;9.8;
9/19/2017 1:16:41 PM;990;24.3;24.5;9.7;9.8;
9/19/2017 1:16:42 PM;991;24.3;24.5;9.7;9.8;
9/19/2017 1:16:43 PM;992;24.3;24.5;9.7;9.8;
9/19/2017 1:16:44 PM;993;24.3;24.5;9.7;9.8;
9/19/2017 1:16:45 PM;994;24.3;24.5;9.7;9.8;
9/19/2017 1:16:46 PM;995;24.3;24.5;9.7;9.8;
9/19/2017 1:16:47 PM;996;24.3;24.5;9.7;9.8;
9/19/2017 1:16:48 PM;997;24.3;24.5;9.7;9.8;
9/19/2017 1:16:49 PM;998;24.3;24.5;9.7;9.8;
9/19/2017 1:16:50 PM;999;24.3;24.5;9.7;9.8;
9/19/2017 1:16:51 PM;1000;24.3;24.5;9.7;9.8;
9/19/2017 1:16:52 PM;1001;24.3;24.5;9.7;9.8;
9/19/2017 1:16:53 PM;1002;24.3;24.5;9.7;9.8;
9/19/2017 1:16:54 PM;1003;24.3;24.5;9.7;9.8;
9/19/2017 1:16:55 PM;1004;24.3;24.5;9.7;9.8;
9/19/2017 1:16:56 PM;1005;24.3;24.5;9.7;9.8;
9/19/2017 1:16:57 PM;1006;24.3;24.5;9.7;9.8;
9/19/2017 1:16:58 PM;1007;24.3;24.5;9.7;9.8;
9/19/2017 1:16:59 PM;1008;24.3;24.5;9.7;9.8;
9/19/2017 1:17:00 PM;1009;24.3;24.5;9.7;9.8;
9/19/2017 1:17:01 PM;1010;24.3;24.5;9.7;9.8;
9/19/2017 1:17:02 PM;1011;24.3;24.5;9.7;9.8;
9/19/2017 1:17:03 PM;1012;24.3;24.5;9.7;9.8;
9/19/2017 1:17:04 PM;1013;24.3;24.5;9.7;9.8;
9/19/2017 1:17:05 PM;1014;24.3;24.5;9.7;9.8;
9/19/2017 1:17:06 PM;1015;24.3;24.5;9.7;9.8;
9/19/2017 1:17:07 PM;1016;24.3;24.6;9.7;9.8;
9/19/2017 1:17:08 PM;1017;24.3;24.6;9.7;9.8;
9/19/2017 1:17:09 PM;1018;24.3;24.6;9.7;9.8;
9/19/2017 1:17:10 PM;1019;24.3;24.7;9.7;9.8;
9/19/2017 1:17:11 PM;1020;24.3;24.7;9.7;9.8;
9/19/2017 1:17:12 PM;1021;24.3;24.8;9.7;9.8;
9/19/2017 1:17:13 PM;1022;24.3;24.8;9.7;9.8;
9/19/2017 1:17:14 PM;1023;24.3;24.9;9.7;9.8;
9/19/2017 1:17:15 PM;1024;24.3;24.9;9.7;9.8;
9/19/2017 1:17:16 PM;1025;24.3;25.0;9.7;9.8;
9/19/2017 1:17:17 PM;1026;24.3;25.0;9.7;9.8;
9/19/2017 1:17:18 PM;1027;24.3;25.0;9.7;9.8;
9/19/2017 1:17:19 PM;1028;24.3;25.0;9.7;9.8;
9/19/2017 1:17:20 PM;1029;24.3;24.9;9.7;9.8;
9/19/2017 1:17:21 PM;1030;24.3;24.9;9.7;9.8;
9/19/2017 1:17:22 PM;1031;24.3;25.0;9.7;9.8;
9/19/2017 1:17:23 PM;1032;24.3;25.0;9.7;9.8;
9/19/2017 1:17:24 PM;1033;24.3;25.0;9.7;9.8;
9/19/2017 1:17:25 PM;1034;24.3;25.1;9.7;9.8;
9/19/2017 1:17:26 PM;1035;24.3;25.2;9.7;9.8;
9/19/2017 1:17:27 PM;1036;24.3;25.3;9.7;9.8;
9/19/2017 1:17:28 PM;1037;24.3;25.4;9.7;9.8;
9/19/2017 1:17:29 PM;1038;24.3;25.5;9.7;9.8;
9/19/2017 1:17:30 PM;1039;24.3;25.6;9.7;9.8;
9/19/2017 1:17:31 PM;1040;24.3;25.6;9.7;9.8;
9/19/2017 1:17:32 PM;1041;24.3;25.6;9.7;9.8;
9/19/2017 1:17:33 PM;1042;24.3;25.6;9.7;9.8;
9/19/2017 1:17:34 PM;1043;24.3;25.7;9.7;9.8;
9/19/2017 1:17:35 PM;1044;24.4;25.7;9.7;9.8;
9/19/2017 1:17:36 PM;1045;24.4;25.8;9.7;9.8;
9/19/2017 1:17:37 PM;1046;24.5;25.8;9.7;9.8;
9/19/2017 1:17:38 PM;1047;24.5;25.8;9.7;9.8;
9/19/2017 1:17:39 PM;1048;24.5;25.8;9.7;9.8;
9/19/2017 1:17:40 PM;1049;24.5;26.0;9.7;9.8;
9/19/2017 1:17:41 PM;1050;24.6;26.0;9.7;9.8;
9/19/2017 1:17:42 PM;1051;24.7;26.1;9.7;9.8;
9/19/2017 1:17:43 PM;1052;24.7;26.2;9.7;9.8;
9/19/2017 1:17:44 PM;1053;24.9;26.3;9.7;9.8;
9/19/2017 1:17:45 PM;1054;25.0;26.3;9.7;9.8;
9/19/2017 1:17:46 PM;1055;25.0;26.4;9.7;9.8;
9/19/2017 1:17:47 PM;1056;25.0;26.7;9.7;9.8;
9/19/2017 1:17:48 PM;1057;25.0;26.9;9.7;9.8;
9/19/2017 1:17:49 PM;1058;25.0;27.2;9.7;9.8;
9/19/2017 1:17:50 PM;1059;24.8;27.4;9.7;9.8;
9/19/2017 1:17:51 PM;1060;24.8;27.6;9.7;9.8;
9/19/2017 1:17:52 PM;1061;24.8;27.8;9.7;9.8;
9/19/2017 1:17:53 PM;1062;24.8;27.9;9.7;9.8;
9/19/2017 1:17:54 PM;1063;24.8;28.1;9.7;9.8;
9/19/2017 1:17:55 PM;1064;24.9;28.2;9.7;9.8;
9/19/2017 1:17:56 PM;1065;25.1;28.3;9.7;9.8;
9/19/2017 1:17:57 PM;1066;25.3;28.4;9.7;9.8;
9/19/2017 1:17:58 PM;1067;25.4;28.5;9.7;9.8;
9/19/2017 1:17:59 PM;1068;25.6;28.5;9.7;9.8;
9/19/2017 1:18:00 PM;1069;25.7;28.5;9.7;9.8;
9/19/2017 1:18:01 PM;1070;25.7;28.4;9.7;9.8;
9/19/2017 1:18:02 PM;1071;25.6;28.3;9.7;9.8;
9/19/2017 1:18:03 PM;1072;25.6;28.3;9.7;9.8;
9/19/2017 1:18:04 PM;1073;25.5;28.3;9.7;9.8;
9/19/2017 1:18:05 PM;1074;25.5;28.3;9.7;9.8;
9/19/2017 1:18:06 PM;1075;25.5;28.3;9.7;9.8;
9/19/2017 1:18:07 PM;1076;25.5;28.5;9.7;9.8;
9/19/2017 1:18:08 PM;1077;25.5;28.5;9.7;9.8;
9/19/2017 1:18:09 PM;1078;25.5;28.7;9.7;9.8;
9/19/2017 1:18:10 PM;1079;25.5;28.8;9.7;9.8;
9/19/2017 1:18:11 PM;1080;25.4;29.0;9.7;9.8;
9/19/2017 1:18:12 PM;1081;25.4;29.1;9.7;9.8;
9/19/2017 1:18:13 PM;1082;25.4;29.4;9.7;9.8;
9/19/2017 1:18:14 PM;1083;25.4;29.6;9.7;9.8;
9/19/2017 1:18:15 PM;1084;25.4;30.0;9.7;9.8;
9/19/2017 1:18:16 PM;1085;25.4;30.3;9.7;9.8;
9/19/2017 1:18:17 PM;1086;25.5;30.7;9.7;9.8;
9/19/2017 1:18:18 PM;1087;25.5;30.9;9.7;9.8;
9/19/2017 1:18:19 PM;1088;25.5;31.0;9.7;9.8;
9/19/2017 1:18:20 PM;1089;25.5;31.0;9.7;9.8;
9/19/2017 1:18:21 PM;1090;25.5;31.1;9.7;9.8;
9/19/2017 1:18:22 PM;1091;25.4;31.2;9.7;9.8;
9/19/2017 1:18:23 PM;1092;25.3;31.2;9.7;9.8;
9/19/2017 1:18:24 PM;1093;25.2;31.3;9.7;9.8;
9/19/2017 1:18:25 PM;1094;25.3;31.4;9.7;9.8;
9/19/2017 1:18:26 PM;1095;25.5;31.4;9.7;9.8;
9/19/2017 1:18:27 PM;1096;25.7;31.3;9.7;9.8;
9/19/2017 1:18:28 PM;1097;26.0;31.1;9.7;9.8;
9/19/2017 1:18:29 PM;1098;26.2;31.0;9.7;9.8;
9/19/2017 1:18:30 PM;1099;26.2;30.8;9.7;9.8;
9/19/2017 1:18:31 PM;1100;26.3;30.6;9.7;9.8;
9/19/2017 1:18:32 PM;1101;26.4;30.4;9.7;9.8;
9/19/2017 1:18:33 PM;1102;26.6;30.3;9.7;9.8;
9/19/2017 1:18:34 PM;1103;26.7;30.1;9.7;9.8;
9/19/2017 1:18:35 PM;1104;27.2;30.1;9.7;9.8;
9/19/2017 1:18:36 PM;1105;27.6;30.2;9.7;9.8;
9/19/2017 1:18:37 PM;1106;27.7;30.5;9.7;9.8;
9/19/2017 1:18:38 PM;1107;27.9;30.8;9.7;9.8;
9/19/2017 1:18:39 PM;1108;28.4;31.1;9.7;9.8;
9/19/2017 1:18:40 PM;1109;28.7;31.3;9.7;9.8;
9/19/2017 1:18:41 PM;1110;28.6;31.4;9.7;9.8;
9/19/2017 1:18:42 PM;1111;28.7;31.4;9.7;9.8;
9/19/2017 1:18:43 PM;1112;28.6;31.6;9.7;9.8;
9/19/2017 1:18:44 PM;1113;28.2;32.1;9.7;9.8;
9/19/2017 1:18:45 PM;1114;27.9;32.5;9.7;9.8;
9/19/2017 1:18:46 PM;1115;27.9;32.9;9.7;9.8;
9/19/2017 1:18:47 PM;1116;27.7;33.4;9.7;9.8;
9/19/2017 1:18:48 PM;1117;27.8;33.7;9.7;9.8;
9/19/2017 1:18:49 PM;1118;27.9;33.9;9.7;9.8;
9/19/2017 1:18:50 PM;1119;27.8;34.0;9.7;9.8;
9/19/2017 1:18:51 PM;1120;27.6;34.3;9.7;9.8;
9/19/2017 1:18:52 PM;1121;27.8;34.4;9.7;9.8;
9/19/2017 1:18:53 PM;1122;27.9;34.5;9.7;9.8;
9/19/2017 1:18:54 PM;1123;27.9;34.5;9.7;9.8;
9/19/2017 1:18:55 PM;1124;27.9;34.6;9.7;9.8;
9/19/2017 1:18:56 PM;1125;27.7;34.5;9.7;9.8;
9/19/2017 1:18:57 PM;1126;27.5;34.4;9.7;9.8;
9/19/2017 1:18:58 PM;1127;27.1;34.5;9.7;9.8;
9/19/2017 1:18:59 PM;1128;26.9;34.6;9.7;9.8;
9/19/2017 1:19:00 PM;1129;27.8;34.7;9.7;9.8;
9/19/2017 1:19:01 PM;1130;28.9;34.9;9.7;9.8;
9/19/2017 1:19:02 PM;1131;29.9;34.9;9.7;9.8;
9/19/2017 1:19:03 PM;1132;31.1;34.9;9.7;9.8;
9/19/2017 1:19:04 PM;1133;31.8;34.8;9.7;9.8;
9/19/2017 1:19:05 PM;1134;31.3;34.7;9.7;9.8;
9/19/2017 1:19:06 PM;1135;30.9;34.6;9.7;9.8;
9/19/2017 1:19:07 PM;1136;30.4;34.6;9.7;9.8;
9/19/2017 1:19:08 PM;1137;30.1;34.6;9.7;9.8;
9/19/2017 1:19:09 PM;1138;30.3;34.6;9.7;9.8;
9/19/2017 1:19:10 PM;1139;30.8;34.6;9.7;9.8;
9/19/2017 1:19:11 PM;1140;31.3;34.6;9.7;9.8;
9/19/2017 1:19:12 PM;1141;32.4;34.7;9.7;9.8;
9/19/2017 1:19:13 PM;1142;32.9;34.7;9.7;9.8;
9/19/2017 1:19:14 PM;1143;33.0;34.7;9.7;9.8;
9/19/2017 1:19:15 PM;1144;33.1;34.8;9.7;9.8;
9/19/2017 1:19:16 PM;1145;33.2;34.9;9.7;9.8;
9/19/2017 1:19:17 PM;1146;32.6;35.0;9.7;9.8;
9/19/2017 1:19:18 PM;1147;32.1;35.1;9.7;9.8;
9/19/2017 1:19:19 PM;1148;32.2;35.2;9.7;9.8;
9/19/2017 1:19:20 PM;1149;32.4;35.3;9.7;9.8;
9/19/2017 1:19:21 PM;1150;32.2;35.3;9.7;9.8;
9/19/2017 1:19:22 PM;1151;32.4;35.3;9.7;9.8;
9/19/2017 1:19:23 PM;1152;32.8;35.3;9.7;9.8;
9/19/2017 1:19:24 PM;1153;32.9;35.3;9.7;9.8;
9/19/2017 1:19:25 PM;1154;32.8;35.1;9.7;9.8;
9/19/2017 1:19:26 PM;1155;32.8;35.0;9.7;9.8;
9/19/2017 1:19:27 PM;1156;32.4;34.9;9.7;9.8;
9/19/2017 1:19:28 PM;1157;31.6;34.8;9.7;9.8;
9/19/2017 1:19:29 PM;1158;30.6;34.8;9.7;9.8;
9/19/2017 1:19:30 PM;1159;29.5;34.7;9.7;9.8;
9/19/2017 1:19:31 PM;1160;28.8;34.7;9.7;9.8;
9/19/2017 1:19:32 PM;1161;28.3;34.6;9.7;9.8;
9/19/2017 1:19:33 PM;1162;28.3;34.5;9.7;9.8;
9/19/2017 1:19:34 PM;1163;28.6;34.4;9.7;9.8;
9/19/2017 1:19:35 PM;1164;29.2;34.4;9.7;9.8;
9/19/2017 1:19:36 PM;1165;29.6;34.4;9.7;9.8;
9/19/2017 1:19:37 PM;1166;29.9;34.5;9.7;9.8;
9/19/2017 1:19:38 PM;1167;30.4;34.6;9.7;9.8;
9/19/2017 1:19:39 PM;1168;30.7;34.6;9.7;9.8;
9/19/2017 1:19:40 PM;1169;31.1;34.5;9.7;9.8;
9/19/2017 1:19:41 PM;1170;31.6;34.4;9.7;9.8;
9/19/2017 1:19:42 PM;1171;31.9;34.2;9.7;9.8;
9/19/2017 1:19:43 PM;1172;31.8;34.2;9.7;9.8;
9/19/2017 1:19:44 PM;1173;31.9;34.3;9.7;9.8;
9/19/2017 1:19:45 PM;1174;31.8;34.4;9.7;9.8;
9/19/2017 1:19:46 PM;1175;31.6;34.5;9.7;9.8;
9/19/2017 1:19:47 PM;1176;31.8;34.5;9.7;9.8;
9/19/2017 1:19:48 PM;1177;31.9;34.6;9.7;9.8;
9/19/2017 1:19:49 PM;1178;31.8;34.6;9.7;9.8;
9/19/2017 1:19:50 PM;1179;31.9;34.6;9.7;9.8;
9/19/2017 1:19:51 PM;1180;32.2;34.6;9.7;9.8;
9/19/2017 1:19:52 PM;1181;32.2;34.6;9.7;9.8;
9/19/2017 1:19:53 PM;1182;32.3;34.5;9.7;9.8;
9/19/2017 1:19:54 PM;1183;32.3;34.5;9.7;9.8;
9/19/2017 1:19:55 PM;1184;32.2;34.5;9.7;9.8;
9/19/2017 1:19:56 PM;1185;32.1;34.5;9.7;9.8;
9/19/2017 1:19:57 PM;1186;32.1;34.5;9.7;9.8;
9/19/2017 1:19:58 PM;1187;32.3;34.5;9.7;9.8;
9/19/2017 1:19:59 PM;1188;32.2;34.6;9.7;9.8;
9/19/2017 1:20:00 PM;1189;32.3;34.6;9.7;9.8;
9/19/2017 1:20:01 PM;1190;32.3;34.6;9.7;9.8;
9/19/2017 1:20:02 PM;1191;32.1;34.7;9.7;9.8;
9/19/2017 1:20:03 PM;1192;31.8;34.7;9.7;9.8;
9/19/2017 1:20:04 PM;1193;31.9;34.7;9.7;9.8;
9/19/2017 1:20:05 PM;1194;31.9;34.7;9.7;9.8;
9/19/2017 1:20:06 PM;1195;32.1;34.7;9.7;9.8;
9/19/2017 1:20:07 PM;1196;32.4;34.7;9.7;9.8;
9/19/2017 1:20:08 PM;1197;32.9;34.7;9.7;9.8;
9/19/2017 1:20:09 PM;1198;33.3;34.7;9.7;9.8;
9/19/2017 1:20:10 PM;1199;33.5;34.7;9.7;9.8;
9/19/2017 1:20:11 PM;1200;33.7;34.7;9.7;9.8;
9/19/2017 1:20:12 PM;1201;34.0;34.7;9.7;9.8;
9/19/2017 1:20:13 PM;1202;34.1;34.7;9.7;9.8;
9/19/2017 1:20:14 PM;1203;34.1;34.7;9.7;9.8;
9/19/2017 1:20:15 PM;1204;34.1;34.7;9.7;9.8;
9/19/2017 1:20:16 PM;1205;34.4;34.6;9.7;9.8;
9/19/2017 1:20:17 PM;1206;34.6;34.6;9.7;9.8;
9/19/2017 1:20:18 PM;1207;34.6;34.6;9.7;9.8;
9/19/2017 1:20:19 PM;1208;34.5;34.6;9.7;9.8;
9/19/2017 1:20:20 PM;1209;34.3;34.5;9.7;9.8;
9/19/2017 1:20:21 PM;1210;34.1;34.5;9.7;9.8;
9/19/2017 1:20:22 PM;1211;34.0;34.5;9.7;9.8;
9/19/2017 1:20:23 PM;1212;34.1;34.5;9.7;9.8;
9/19/2017 1:20:24 PM;1213;34.1;34.5;9.7;9.8;
9/19/2017 1:20:25 PM;1214;34.3;34.5;9.7;9.8;
9/19/2017 1:20:26 PM;1215;34.5;34.5;9.7;9.8;
9/19/2017 1:20:27 PM;1216;34.5;34.4;9.7;9.8;
9/19/2017 1:20:28 PM;1217;34.5;34.3;9.7;9.8;
9/19/2017 1:20:29 PM;1218;34.5;34.3;9.7;9.8;
9/19/2017 1:20:30 PM;1219;34.2;34.2;9.7;9.8;
9/19/2017 1:20:31 PM;1220;33.9;34.2;9.7;9.8;
9/19/2017 1:20:32 PM;1221;33.7;34.2;9.7;9.8;
9/19/2017 1:20:33 PM;1222;33.3;34.2;9.7;9.8;
9/19/2017 1:20:34 PM;1223;33.1;34.2;9.7;9.8;
9/19/2017 1:20:35 PM;1224;33.1;34.2;9.7;9.8;
9/19/2017 1:20:36 PM;1225;33.3;34.2;9.7;9.8;
9/19/2017 1:20:37 PM;1226;33.5;34.1;9.7;9.8;
9/19/2017 1:20:38 PM;1227;33.7;34.1;9.7;9.8;
9/19/2017 1:20:39 PM;1228;33.8;34.0;9.7;9.8;
9/19/2017 1:20:40 PM;1229;33.9;33.9;9.7;9.8;
9/19/2017 1:20:41 PM;1230;33.9;33.9;9.7;9.8;
9/19/2017 1:20:42 PM;1231;33.8;33.8;9.7;9.8;
9/19/2017 1:20:43 PM;1232;33.7;33.8;9.7;9.8;
9/19/2017 1:20:44 PM;1233;33.8;33.8;9.7;9.8;
9/19/2017 1:20:45 PM;1234;33.7;33.8;9.7;9.8;
9/19/2017 1:20:46 PM;1235;33.5;33.8;9.7;9.8;
9/19/2017 1:20:47 PM;1236;33.6;33.8;9.7;9.8;
9/19/2017 1:20:48 PM;1237;33.6;33.6;9.7;9.8;
9/19/2017 1:20:49 PM;1238;33.4;33.5;9.7;9.8;
9/19/2017 1:20:50 PM;1239;33.3;33.4;9.7;9.8;
9/19/2017 1:20:51 PM;1240;33.4;33.2;9.7;9.8;
9/19/2017 1:20:52 PM;1241;33.2;33.1;9.7;9.8;
9/19/2017 1:20:53 PM;1242;33.1;33.0;9.7;9.8;
9/19/2017 1:20:54 PM;1243;33.0;33.0;9.7;9.8;
9/19/2017 1:20:55 PM;1244;32.9;33.0;9.7;9.8;
9/19/2017 1:20:56 PM;1245;32.9;32.9;9.7;9.8;
9/19/2017 1:20:57 PM;1246;32.9;32.7;9.7;9.8;
9/19/2017 1:20:58 PM;1247;32.8;32.6;9.7;9.8;
9/19/2017 1:20:59 PM;1248;32.8;32.4;9.7;9.8;
9/19/2017 1:21:00 PM;1249;32.7;32.2;9.7;9.8;
9/19/2017 1:21:01 PM;1250;32.8;32.1;9.7;9.8;
9/19/2017 1:21:02 PM;1251;32.8;32.1;9.7;9.8;
9/19/2017 1:21:03 PM;1252;32.8;32.0;9.7;9.8;
9/19/2017 1:21:04 PM;1253;32.9;31.9;9.7;9.8;
9/19/2017 1:21:05 PM;1254;33.0;31.9;9.7;9.8;
9/19/2017 1:21:06 PM;1255;33.0;31.9;9.7;9.8;
9/19/2017 1:21:07 PM;1256;33.1;32.0;9.7;9.8;
9/19/2017 1:21:08 PM;1257;33.1;32.0;9.7;9.8;
9/19/2017 1:21:09 PM;1258;33.0;32.0;9.7;9.8;
9/19/2017 1:21:10 PM;1259;33.0;32.1;9.7;9.8;
9/19/2017 1:21:11 PM;1260;33.0;32.1;9.7;9.8;
9/19/2017 1:21:12 PM;1261;32.9;32.2;9.7;9.8;
9/19/2017 1:21:13 PM;1262;32.8;32.2;9.7;9.8;
9/19/2017 1:21:14 PM;1263;32.8;32.4;9.7;9.8;
9/19/2017 1:21:15 PM;1264;32.7;32.5;9.7;9.8;
9/19/2017 1:21:16 PM;1265;32.6;32.7;9.7;9.8;
9/19/2017 1:21:17 PM;1266;32.5;32.8;9.7;9.8;
9/19/2017 1:21:18 PM;1267;32.5;32.9;9.7;9.8;
9/19/2017 1:21:19 PM;1268;32.6;33.0;9.7;9.8;
9/19/2017 1:21:20 PM;1269;32.6;32.8;9.7;9.8;
9/19/2017 1:21:21 PM;1270;32.5;32.8;9.7;9.8;
9/19/2017 1:21:22 PM;1271;32.5;32.7;9.7;9.8;
9/19/2017 1:21:23 PM;1272;32.5;32.5;9.7;9.8;
9/19/2017 1:21:24 PM;1273;32.4;32.3;9.7;9.8;
9/19/2017 1:21:25 PM;1274;32.4;32.1;9.7;9.8;
9/19/2017 1:21:26 PM;1275;32.4;31.9;9.7;9.8;
9/19/2017 1:21:27 PM;1276;32.4;31.8;9.7;9.8;
9/19/2017 1:21:28 PM;1277;32.4;31.6;9.7;9.8;
9/19/2017 1:21:29 PM;1278;32.5;31.5;9.7;9.8;
9/19/2017 1:21:30 PM;1279;32.5;31.4;9.7;9.8;
9/19/2017 1:21:31 PM;1280;32.5;31.3;9.7;9.8;
9/19/2017 1:21:32 PM;1281;32.5;31.1;9.7;9.8;
9/19/2017 1:21:33 PM;1282;32.4;31.2;9.7;9.8;
9/19/2017 1:21:34 PM;1283;32.3;31.2;9.7;9.8;
9/19/2017 1:21:35 PM;1284;32.2;31.2;9.7;9.8;
9/19/2017 1:21:36 PM;1285;31.9;31.3;9.7;9.8;
9/19/2017 1:21:37 PM;1286;31.7;31.2;9.7;9.8;
9/19/2017 1:21:38 PM;1287;31.5;31.2;9.7;9.8;
9/19/2017 1:21:39 PM;1288;31.4;31.1;9.7;9.8;
9/19/2017 1:21:40 PM;1289;31.4;31.0;9.7;9.8;
9/19/2017 1:21:41 PM;1290;31.5;31.0;9.7;9.8;
9/19/2017 1:21:42 PM;1291;31.7;31.0;9.7;9.8;
9/19/2017 1:21:43 PM;1292;31.7;31.0;9.7;9.8;
9/19/2017 1:21:44 PM;1293;31.7;30.9;9.7;9.8;
9/19/2017 1:21:45 PM;1294;31.6;30.9;9.7;9.8;
9/19/2017 1:21:46 PM;1295;31.6;30.9;9.7;9.8;
9/19/2017 1:21:47 PM;1296;31.5;30.8;9.7;9.8;
9/19/2017 1:21:48 PM;1297;31.4;30.8;9.7;9.8;
9/19/2017 1:21:49 PM;1298;31.3;30.8;9.7;9.8;
9/19/2017 1:21:50 PM;1299;31.2;30.8;9.7;9.8;
9/19/2017 1:21:51 PM;1300;31.1;30.7;9.7;9.8;
9/19/2017 1:21:52 PM;1301;31.1;30.6;9.7;9.8;
9/19/2017 1:21:53 PM;1302;31.1;30.4;9.7;9.8;
9/19/2017 1:21:54 PM;1303;31.2;30.3;9.7;9.8;
9/19/2017 1:21:55 PM;1304;31.2;30.1;9.7;9.8;
9/19/2017 1:21:56 PM;1305;31.2;30.0;9.7;9.8;
9/19/2017 1:21:57 PM;1306;31.2;30.0;9.7;9.8;
9/19/2017 1:21:58 PM;1307;31.3;29.9;9.7;9.8;
9/19/2017 1:21:59 PM;1308;31.2;29.8;9.7;9.8;
9/19/2017 1:22:00 PM;1309;31.2;29.7;9.7;9.8;
9/19/2017 1:22:01 PM;1310;31.3;29.6;9.7;9.8;
9/19/2017 1:22:02 PM;1311;31.3;29.6;9.7;9.8;
9/19/2017 1:22:03 PM;1312;31.3;29.6;9.7;9.8;
9/19/2017 1:22:04 PM;1313;31.3;29.7;9.7;9.8;
9/19/2017 1:22:05 PM;1314;31.3;29.7;9.7;9.8;
9/19/2017 1:22:06 PM;1315;31.3;29.8;9.7;9.8;
9/19/2017 1:22:07 PM;1316;31.3;29.8;9.7;9.8;
9/19/2017 1:22:08 PM;1317;31.3;29.8;9.7;9.8;
9/19/2017 1:22:09 PM;1318;31.4;29.7;9.7;9.8;
9/19/2017 1:22:10 PM;1319;31.3;29.7;9.7;9.8;
9/19/2017 1:22:11 PM;1320;31.3;29.6;9.7;9.8;
9/19/2017 1:22:12 PM;1321;31.3;29.5;9.7;9.8;
9/19/2017 1:22:13 PM;1322;31.3;29.3;9.7;9.8;
9/19/2017 1:22:14 PM;1323;31.3;29.2;9.7;9.8;
9/19/2017 1:22:15 PM;1324;31.2;29.2;9.7;9.8;
9/19/2017 1:22:16 PM;1325;31.1;29.1;9.7;9.8;
9/19/2017 1:22:17 PM;1326;31.0;29.1;9.7;9.8;
9/19/2017 1:22:18 PM;1327;30.9;29.1;9.7;9.8;
9/19/2017 1:22:19 PM;1328;30.9;29.1;9.7;9.8;
9/19/2017 1:22:20 PM;1329;31.0;29.1;9.7;9.8;
9/19/2017 1:22:21 PM;1330;31.1;29.2;9.7;9.8;
9/19/2017 1:22:22 PM;1331;31.2;29.2;9.7;9.8;
9/19/2017 1:22:23 PM;1332;31.3;29.3;9.7;9.8;
9/19/2017 1:22:24 PM;1333;31.2;29.5;9.7;9.8;
9/19/2017 1:22:25 PM;1334;31.3;29.6;9.7;9.8;
9/19/2017 1:22:26 PM;1335;31.3;29.7;9.7;9.8;
9/19/2017 1:22:27 PM;1336;31.2;29.8;9.7;9.8;
9/19/2017 1:22:28 PM;1337;30.9;29.8;9.7;9.8;
9/19/2017 1:22:29 PM;1338;30.7;29.8;9.7;9.8;
9/19/2017 1:22:30 PM;1339;30.5;29.8;9.7;9.8;
9/19/2017 1:22:31 PM;1340;30.3;29.8;9.7;9.8;
9/19/2017 1:22:32 PM;1341;30.1;29.7;9.7;9.8;
9/19/2017 1:22:33 PM;1342;30.0;29.6;9.7;9.8;
9/19/2017 1:22:34 PM;1343;30.0;29.5;9.7;9.8;
9/19/2017 1:22:35 PM;1344;30.0;29.5;9.7;9.8;
9/19/2017 1:22:36 PM;1345;29.9;29.5;9.7;9.8;
9/19/2017 1:22:37 PM;1346;29.9;29.6;9.7;9.8;
9/19/2017 1:22:38 PM;1347;30.0;29.7;9.7;9.8;
9/19/2017 1:22:39 PM;1348;30.0;29.7;9.7;9.8;
9/19/2017 1:22:40 PM;1349;30.1;29.8;9.7;9.8;
9/19/2017 1:22:41 PM;1350;30.0;29.8;9.7;9.8;
9/19/2017 1:22:42 PM;1351;30.0;29.7;9.7;9.8;
9/19/2017 1:22:43 PM;1352;30.0;29.7;9.7;9.8;
9/19/2017 1:22:44 PM;1353;29.9;29.5;9.7;9.8;
9/19/2017 1:22:45 PM;1354;29.8;29.1;9.7;9.8;
9/19/2017 1:22:46 PM;1355;29.8;28.8;9.7;9.8;
9/19/2017 1:22:47 PM;1356;29.6;28.6;9.7;9.8;
9/19/2017 1:22:48 PM;1357;29.6;28.5;9.7;9.8;
9/19/2017 1:22:49 PM;1358;29.6;28.4;9.7;9.8;
9/19/2017 1:22:50 PM;1359;29.7;28.6;9.7;9.8;
9/19/2017 1:22:51 PM;1360;29.7;28.7;9.7;9.8;
9/19/2017 1:22:52 PM;1361;29.8;28.7;9.7;9.8;
9/19/2017 1:22:53 PM;1362;29.9;28.8;9.7;9.8;
9/19/2017 1:22:54 PM;1363;29.9;28.9;9.7;9.8;
9/19/2017 1:22:55 PM;1364;29.8;28.9;9.7;9.8;
9/19/2017 1:22:56 PM;1365;29.8;28.9;9.7;9.8;
9/19/2017 1:22:57 PM;1366;29.6;28.9;9.7;9.8;
9/19/2017 1:22:58 PM;1367;29.6;28.8;9.7;9.8;
9/19/2017 1:22:59 PM;1368;29.6;28.8;9.7;9.8;
9/19/2017 1:23:00 PM;1369;29.7;28.8;9.7;9.8;
9/19/2017 1:23:01 PM;1370;29.9;28.9;9.7;9.8;
9/19/2017 1:23:02 PM;1371;30.0;28.9;9.7;9.8;
9/19/2017 1:23:03 PM;1372;30.1;28.9;9.7;9.8;
9/19/2017 1:23:04 PM;1373;30.1;28.8;9.7;9.8;
9/19/2017 1:23:05 PM;1374;30.1;28.8;9.7;9.8;
9/19/2017 1:23:06 PM;1375;30.0;28.8;9.7;9.8;
9/19/2017 1:23:07 PM;1376;29.9;28.8;9.7;9.8;
9/19/2017 1:23:08 PM;1377;29.8;28.8;9.7;9.8;
9/19/2017 1:23:09 PM;1378;29.8;28.8;9.7;9.8;
9/19/2017 1:23:10 PM;1379;29.9;28.8;9.7;9.8;
9/19/2017 1:23:11 PM;1380;30.0;28.8;9.7;9.8;
9/19/2017 1:23:12 PM;1381;30.2;28.7;9.7;9.8;
9/19/2017 1:23:13 PM;1382;30.4;28.6;9.7;9.8;
9/19/2017 1:23:14 PM;1383;30.4;28.4;9.7;9.8;
9/19/2017 1:23:15 PM;1384;30.4;28.3;9.7;9.8;
9/19/2017 1:23:16 PM;1385;30.3;28.2;9.7;9.8;
9/19/2017 1:23:17 PM;1386;30.2;28.0;9.7;9.8;
9/19/2017 1:23:18 PM;1387;30.1;27.9;9.7;9.8;
9/19/2017 1:23:19 PM;1388;30.0;27.9;9.7;9.8;
9/19/2017 1:23:20 PM;1389;29.9;27.9;9.7;9.8;
9/19/2017 1:23:21 PM;1390;29.8;27.8;9.7;9.8;
9/19/2017 1:23:22 PM;1391;29.7;27.8;9.7;9.8;
9/19/2017 1:23:23 PM;1392;29.7;27.8;9.7;9.8;
9/19/2017 1:23:24 PM;1393;29.7;27.8;9.7;9.8;
9/19/2017 1:23:25 PM;1394;29.7;27.8;9.7;9.8;
9/19/2017 1:23:26 PM;1395;29.7;27.8;9.7;9.8;
9/19/2017 1:23:27 PM;1396;29.6;27.8;9.7;9.8;
9/19/2017 1:23:28 PM;1397;29.6;27.8;9.7;9.8;
9/19/2017 1:23:29 PM;1398;29.5;27.8;9.7;9.8;
9/19/2017 1:23:30 PM;1399;29.3;27.8;9.7;9.8;
9/19/2017 1:23:31 PM;1400;29.2;27.8;9.7;9.8;
9/19/2017 1:23:32 PM;1401;29.1;27.8;9.7;9.8;
9/19/2017 1:23:33 PM;1402;28.9;27.7;9.7;9.8;
9/19/2017 1:23:34 PM;1403;28.9;27.7;9.7;9.8;
9/19/2017 1:23:35 PM;1404;28.8;27.7;9.7;9.8;
9/19/2017 1:23:36 PM;1405;28.7;27.7;9.7;9.8;
9/19/2017 1:23:37 PM;1406;28.7;27.7;9.7;9.8;
9/19/2017 1:23:38 PM;1407;28.8;27.6;9.7;9.8;
9/19/2017 1:23:39 PM;1408;28.8;27.5;9.7;9.8;
9/19/2017 1:23:40 PM;1409;28.9;27.4;9.7;9.8;
9/19/2017 1:23:41 PM;1410;28.9;27.3;9.7;9.8;
9/19/2017 1:23:42 PM;1411;28.9;27.2;9.7;9.8;
9/19/2017 1:23:43 PM;1412;28.8;27.1;9.7;9.8;
9/19/2017 1:23:44 PM;1413;28.7;27.1;9.7;9.8;
9/19/2017 1:23:45 PM;1414;28.6;27.1;9.7;9.8;
9/19/2017 1:23:46 PM;1415;28.4;27.2;9.7;9.8;
9/19/2017 1:23:47 PM;1416;28.4;27.2;9.7;9.8;
9/19/2017 1:23:48 PM;1417;28.4;27.2;9.7;9.8;
9/19/2017 1:23:49 PM;1418;28.5;27.1;9.7;9.8;
9/19/2017 1:23:50 PM;1419;28.5;27.1;9.7;9.8;
9/19/2017 1:23:51 PM;1420;28.5;27.1;9.7;9.8;
9/19/2017 1:23:52 PM;1421;28.5;27.1;9.7;9.8;
9/19/2017 1:23:53 PM;1422;28.6;27.1;9.7;9.8;
9/19/2017 1:23:54 PM;1423;28.6;27.1;9.7;9.8;
9/19/2017 1:23:55 PM;1424;28.7;27.1;9.7;9.8;
9/19/2017 1:23:56 PM;1425;28.8;27.1;9.7;9.8;
9/19/2017 1:23:57 PM;1426;29.0;27.1;9.7;9.8;
9/19/2017 1:23:58 PM;1427;29.0;27.1;9.7;9.8;
9/19/2017 1:23:59 PM;1428;29.1;27.1;9.7;9.8;
9/19/2017 1:24:00 PM;1429;29.0;27.1;9.7;9.8;
9/19/2017 1:24:01 PM;1430;28.9;27.1;9.7;9.8;
9/19/2017 1:24:02 PM;1431;28.9;27.1;9.7;9.8;
9/19/2017 1:24:03 PM;1432;28.8;27.0;9.7;9.8;
9/19/2017 1:24:04 PM;1433;28.8;27.0;9.7;9.8;
9/19/2017 1:24:05 PM;1434;29.0;26.9;9.7;9.8;
9/19/2017 1:24:06 PM;1435;29.2;26.9;9.7;9.8;
9/19/2017 1:24:07 PM;1436;29.3;26.9;9.7;9.8;
9/19/2017 1:24:08 PM;1437;29.4;26.9;9.7;9.8;
9/19/2017 1:24:09 PM;1438;29.4;26.9;9.7;9.8;
9/19/2017 1:24:10 PM;1439;29.3;26.9;9.7;9.8;
9/19/2017 1:24:11 PM;1440;29.2;26.9;9.7;9.8;
9/19/2017 1:24:12 PM;1441;29.1;26.9;9.7;9.8;
9/19/2017 1:24:13 PM;1442;29.1;26.8;9.7;9.8;
9/19/2017 1:24:14 PM;1443;29.0;26.7;9.7;9.8;
9/19/2017 1:24:15 PM;1444;29.0;26.6;9.7;9.8;
9/19/2017 1:24:16 PM;1445;29.0;26.5;9.7;9.8;
9/19/2017 1:24:17 PM;1446;29.0;26.5;9.7;9.8;
9/19/2017 1:24:18 PM;1447;29.0;26.5;9.7;9.8;
9/19/2017 1:24:19 PM;1448;29.1;26.5;9.7;9.8;
9/19/2017 1:24:20 PM;1449;29.0;26.4;9.7;9.8;
9/19/2017 1:24:21 PM;1450;28.9;26.4;9.7;9.8;
9/19/2017 1:24:22 PM;1451;28.8;26.4;9.7;9.8;
9/19/2017 1:24:23 PM;1452;28.7;26.4;9.7;9.8;
9/19/2017 1:24:24 PM;1453;28.5;26.4;9.7;9.8;
9/19/2017 1:24:25 PM;1454;28.5;26.4;9.7;9.8;
9/19/2017 1:24:26 PM;1455;28.4;26.4;9.7;9.8;
9/19/2017 1:24:27 PM;1456;28.3;26.4;9.7;9.8;
9/19/2017 1:24:28 PM;1457;28.2;26.4;9.7;9.8;
9/19/2017 1:24:29 PM;1458;28.0;26.5;9.7;9.8;
9/19/2017 1:24:30 PM;1459;27.8;26.5;9.7;9.8;
9/19/2017 1:24:31 PM;1460;27.6;26.5;9.7;9.8;
9/19/2017 1:24:32 PM;1461;27.5;26.5;9.7;9.8;
9/19/2017 1:24:33 PM;1462;27.6;26.5;9.7;9.8;
9/19/2017 1:24:34 PM;1463;27.7;26.5;9.7;9.8;
9/19/2017 1:24:35 PM;1464;27.8;26.4;9.7;9.8;
9/19/2017 1:24:36 PM;1465;28.0;26.4;9.7;9.8;
9/19/2017 1:24:37 PM;1466;27.9;26.3;9.7;9.8;
9/19/2017 1:24:38 PM;1467;27.8;26.3;9.7;9.8;
9/19/2017 1:24:39 PM;1468;27.8;26.2;9.7;9.8;
9/19/2017 1:24:40 PM;1469;27.7;26.2;9.7;9.8;
9/19/2017 1:24:41 PM;1470;27.7;26.1;9.7;9.8;
9/19/2017 1:24:42 PM;1471;27.7;26.1;9.7;9.8;
9/19/2017 1:24:43 PM;1472;27.8;26.1;9.7;9.8;
9/19/2017 1:24:44 PM;1473;27.8;26.0;9.7;9.8;
9/19/2017 1:24:45 PM;1474;27.8;26.0;9.7;9.8;
9/19/2017 1:24:46 PM;1475;27.8;25.9;9.7;9.8;
9/19/2017 1:24:47 PM;1476;27.6;25.9;9.7;9.8;
9/19/2017 1:24:48 PM;1477;27.6;26.0;9.7;9.8;
9/19/2017 1:24:49 PM;1478;27.6;26.0;9.7;9.8;
9/19/2017 1:24:50 PM;1479;27.6;26.0;9.7;9.8;
9/19/2017 1:24:51 PM;1480;27.6;26.1;9.7;9.8;
9/19/2017 1:24:52 PM;1481;27.7;26.1;9.7;9.8;
9/19/2017 1:24:53 PM;1482;27.6;26.1;9.7;9.8;
9/19/2017 1:24:54 PM;1483;27.5;26.1;9.7;9.8;
9/19/2017 1:24:55 PM;1484;27.4;26.1;9.7;9.8;
9/19/2017 1:24:56 PM;1485;27.3;26.1;9.7;9.8;
9/19/2017 1:24:57 PM;1486;27.3;26.2;9.7;9.8;
9/19/2017 1:24:58 PM;1487;27.3;26.2;9.7;9.8;
9/19/2017 1:24:59 PM;1488;27.3;26.2;9.7;9.8;
9/19/2017 1:25:00 PM;1489;27.4;26.2;9.7;9.8;
9/19/2017 1:25:01 PM;1490;27.6;26.2;9.7;9.8;
9/19/2017 1:25:02 PM;1491;27.7;26.1;9.7;9.8;
9/19/2017 1:25:03 PM;1492;27.9;26.1;9.7;9.8;
9/19/2017 1:25:04 PM;1493;28.1;26.1;9.7;9.8;
9/19/2017 1:25:05 PM;1494;28.1;26.1;9.7;9.8;
9/19/2017 1:25:06 PM;1495;28.1;26.0;9.7;9.8;
9/19/2017 1:25:07 PM;1496;28.0;26.0;9.7;9.8;
9/19/2017 1:25:08 PM;1497;27.9;25.9;9.7;9.8;
9/19/2017 1:25:09 PM;1498;27.8;25.8;9.7;9.8;
9/19/2017 1:25:10 PM;1499;27.7;25.8;9.7;9.8;
9/19/2017 1:25:11 PM;1500;27.6;25.8;9.7;9.8;
9/19/2017 1:25:12 PM;1501;27.6;25.8;9.7;9.8;
9/19/2017 1:25:13 PM;1502;27.6;25.8;9.7;9.8;
9/19/2017 1:25:14 PM;1503;27.6;25.8;9.7;9.8;
9/19/2017 1:25:15 PM;1504;27.6;25.7;9.7;9.8;
9/19/2017 1:25:16 PM;1505;27.6;25.7;9.7;9.8;
9/19/2017 1:25:17 PM;1506;27.6;25.7;9.7;9.8;
9/19/2017 1:25:18 PM;1507;27.4;25.7;9.7;9.8;
9/19/2017 1:25:19 PM;1508;27.2;25.7;9.7;9.8;
9/19/2017 1:25:20 PM;1509;27.1;25.7;9.7;9.8;
9/19/2017 1:25:21 PM;1510;27.0;25.8;9.7;9.8;
9/19/2017 1:25:22 PM;1511;26.8;25.8;9.7;9.8;
9/19/2017 1:25:23 PM;1512;26.8;25.8;9.7;9.8;
9/19/2017 1:25:24 PM;1513;26.8;25.8;9.7;9.8;
9/19/2017 1:25:25 PM;1514;26.6;25.8;9.7;9.8;
9/19/2017 1:25:26 PM;1515;26.4;25.8;9.7;9.8;
9/19/2017 1:25:27 PM;1516;26.3;25.8;9.7;9.8;
9/19/2017 1:25:28 PM;1517;26.2;25.8;9.7;9.8;
9/19/2017 1:25:29 PM;1518;26.2;25.8;9.7;9.8;
9/19/2017 1:25:30 PM;1519;26.2;25.7;9.7;9.8;
9/19/2017 1:25:31 PM;1520;26.3;25.7;9.7;9.8;
9/19/2017 1:25:32 PM;1521;26.3;25.7;9.7;9.8;
9/19/2017 1:25:33 PM;1522;26.4;25.7;9.7;9.8;
9/19/2017 1:25:34 PM;1523;26.4;25.7;9.7;9.8;
9/19/2017 1:25:35 PM;1524;26.4;25.8;9.7;9.8;
9/19/2017 1:25:36 PM;1525;26.4;25.8;9.7;9.8;
9/19/2017 1:25:37 PM;1526;26.4;25.7;9.7;9.8;
9/19/2017 1:25:38 PM;1527;26.4;25.7;9.7;9.8;
9/19/2017 1:25:39 PM;1528;26.4;25.6;9.7;9.8;
9/19/2017 1:25:40 PM;1529;26.5;25.5;9.7;9.8;
9/19/2017 1:25:41 PM;1530;26.6;25.5;9.7;9.8;
9/19/2017 1:25:42 PM;1531;26.6;25.5;9.7;9.8;
9/19/2017 1:25:43 PM;1532;26.6;25.5;9.7;9.8;
9/19/2017 1:25:44 PM;1533;26.6;25.5;9.7;9.8;
9/19/2017 1:25:45 PM;1534;26.6;25.5;9.7;9.8;
9/19/2017 1:25:46 PM;1535;26.6;25.5;9.7;9.8;
9/19/2017 1:25:47 PM;1536;26.6;25.5;9.7;9.8;
9/19/2017 1:25:48 PM;1537;26.7;25.5;9.7;9.8;
9/19/2017 1:25:49 PM;1538;26.8;25.5;9.7;9.8;
9/19/2017 1:25:50 PM;1539;26.9;25.5;9.7;9.8;
9/19/2017 1:25:51 PM;1540;27.0;25.5;9.7;9.8;
9/19/2017 1:25:52 PM;1541;27.1;25.5;9.7;9.8;
9/19/2017 1:25:53 PM;1542;27.1;25.5;9.7;9.8;
9/19/2017 1:25:54 PM;1543;27.1;25.5;9.7;9.8;
9/19/2017 1:25:55 PM;1544;27.1;25.5;9.7;9.8;
9/19/2017 1:25:56 PM;1545;26.9;25.5;9.7;9.8;
9/19/2017 1:25:57 PM;1546;26.8;25.5;9.7;9.8;
9/19/2017 1:25:58 PM;1547;26.8;25.5;9.7;9.8;
9/19/2017 1:25:59 PM;1548;26.8;25.5;9.7;9.8;
9/19/2017 1:26:00 PM;1549;26.8;25.5;9.7;9.8;
9/19/2017 1:26:01 PM;1550;26.8;25.5;9.7;9.8;
9/19/2017 1:26:02 PM;1551;26.7;25.5;9.7;9.8;
9/19/2017 1:26:03 PM;1552;26.7;25.5;9.7;9.8;
9/19/2017 1:26:04 PM;1553;26.6;25.5;9.7;9.8;
9/19/2017 1:26:05 PM;1554;26.5;25.5;9.7;9.8;
9/19/2017 1:26:06 PM;1555;26.5;25.5;9.7;9.8;
9/19/2017 1:26:07 PM;1556;26.5;25.5;9.7;9.8;
9/19/2017 1:26:08 PM;1557;26.5;25.5;9.7;9.8;
9/19/2017 1:26:09 PM;1558;26.4;25.5;9.7;9.8;
9/19/2017 1:26:10 PM;1559;26.4;25.5;9.7;9.8;
9/19/2017 1:26:11 PM;1560;26.4;25.5;9.7;9.8;
9/19/2017 1:26:12 PM;1561;26.4;25.5;9.7;9.8;
9/19/2017 1:26:13 PM;1562;26.5;25.5;9.7;9.8;
9/19/2017 1:26:14 PM;1563;26.6;25.5;9.7;9.8;
9/19/2017 1:26:15 PM;1564;26.7;25.5;9.7;9.8;
9/19/2017 1:26:16 PM;1565;26.7;25.5;9.7;9.8;
9/19/2017 1:26:17 PM;1566;26.7;25.5;9.7;9.8;
9/19/2017 1:26:18 PM;1567;26.5;25.5;9.7;9.8;
9/19/2017 1:26:19 PM;1568;26.4;25.5;9.7;9.8;
9/19/2017 1:26:20 PM;1569;26.1;25.5;9.7;9.8;
9/19/2017 1:26:21 PM;1570;26.0;25.5;9.7;9.8;
9/19/2017 1:26:22 PM;1571;25.9;25.4;9.7;9.8;
9/19/2017 1:26:23 PM;1572;25.9;25.4;9.7;9.8;
9/19/2017 1:26:24 PM;1573;25.9;25.4;9.7;9.8;
9/19/2017 1:26:25 PM;1574;25.9;25.4;9.7;9.8;
9/19/2017 1:26:26 PM;1575;26.0;25.4;9.7;9.8;
9/19/2017 1:26:27 PM;1576;26.0;25.4;9.7;9.8;
9/19/2017 1:26:28 PM;1577;26.1;25.3;9.7;9.8;
9/19/2017 1:26:29 PM;1578;26.2;25.3;9.7;9.8;
9/19/2017 1:26:30 PM;1579;26.2;25.3;9.7;9.8;
9/19/2017 1:26:31 PM;1580;26.2;25.3;9.7;9.8;
9/19/2017 1:26:32 PM;1581;26.2;25.2;9.7;9.8;
9/19/2017 1:26:33 PM;1582;26.2;25.2;9.7;9.8;
9/19/2017 1:26:34 PM;1583;26.2;25.2;9.7;9.8;
9/19/2017 1:26:35 PM;1584;26.3;25.2;9.7;9.8;
9/19/2017 1:26:36 PM;1585;26.4;25.2;9.7;9.8;
9/19/2017 1:26:37 PM;1586;26.4;25.2;9.7;9.8;
9/19/2017 1:26:38 PM;1587;26.5;25.2;9.7;9.8;
9/19/2017 1:26:39 PM;1588;26.5;25.2;9.7;9.8;
9/19/2017 1:26:40 PM;1589;26.5;25.2;9.7;9.8;
9/19/2017 1:26:41 PM;1590;26.5;25.2;9.7;9.8;
9/19/2017 1:26:42 PM;1591;26.4;25.2;9.7;9.8;
9/19/2017 1:26:43 PM;1592;26.4;25.2;9.7;9.8;
9/19/2017 1:26:44 PM;1593;26.3;25.2;9.7;9.8;
9/19/2017 1:26:45 PM;1594;26.3;25.2;9.7;9.8;
9/19/2017 1:26:46 PM;1595;26.3;25.2;9.7;9.8;
9/19/2017 1:26:47 PM;1596;26.4;25.2;9.7;9.8;
9/19/2017 1:26:48 PM;1597;26.4;25.2;9.7;9.8;
9/19/2017 1:26:49 PM;1598;26.4;25.2;9.7;9.8;
9/19/2017 1:26:50 PM;1599;26.5;25.3;9.7;9.8;
9/19/2017 1:26:51 PM;1600;26.4;25.3;9.7;9.8;
9/19/2017 1:26:52 PM;1601;26.4;25.4;9.7;9.8;
9/19/2017 1:26:53 PM;1602;26.4;25.4;9.7;9.8;
9/19/2017 1:26:54 PM;1603;26.3;25.3;9.7;9.8;
9/19/2017 1:26:55 PM;1604;26.3;25.3;9.7;9.8;
9/19/2017 1:26:56 PM;1605;26.2;25.2;9.7;9.8;
9/19/2017 1:26:57 PM;1606;26.1;25.2;9.7;9.8;
9/19/2017 1:26:58 PM;1607;26.0;25.1;9.7;9.8;
9/19/2017 1:26:59 PM;1608;25.9;25.1;9.7;9.8;
9/19/2017 1:27:00 PM;1609;25.8;25.1;9.7;9.8;
9/19/2017 1:27:01 PM;1610;25.7;25.1;9.7;9.8;
9/19/2017 1:27:02 PM;1611;25.7;25.1;9.7;9.8;
9/19/2017 1:27:03 PM;1612;25.8;25.1;9.7;9.8;
9/19/2017 1:27:04 PM;1613;25.8;25.1;9.7;9.8;
9/19/2017 1:27:05 PM;1614;25.8;25.1;9.7;9.8;
9/19/2017 1:27:06 PM;1615;25.9;25.1;9.7;9.8;
9/19/2017 1:27:07 PM;1616;26.0;25.1;9.7;9.8;
9/19/2017 1:27:08 PM;1617;26.0;25.1;9.7;9.8;
9/19/2017 1:27:09 PM;1618;26.0;25.1;9.7;9.8;
9/19/2017 1:27:10 PM;1619;26.0;25.1;9.7;9.8;
9/19/2017 1:27:11 PM;1620;25.9;25.1;9.7;9.8;
9/19/2017 1:27:12 PM;1621;25.8;25.1;9.7;9.8;
9/19/2017 1:27:13 PM;1622;25.7;25.1;9.7;9.8;
9/19/2017 1:27:14 PM;1623;25.8;25.1;9.7;9.8;
9/19/2017 1:27:15 PM;1624;25.7;25.1;9.7;9.8;
9/19/2017 1:27:16 PM;1625;25.6;25.1;9.7;9.8;
9/19/2017 1:27:17 PM;1626;25.5;25.1;9.7;9.8;
9/19/2017 1:27:18 PM;1627;25.5;25.1;9.7;9.8;
9/19/2017 1:27:19 PM;1628;25.4;25.1;9.7;9.8;
9/19/2017 1:27:20 PM;1629;25.4;25.1;9.7;9.8;
9/19/2017 1:27:21 PM;1630;25.5;25.1;9.7;9.8;
9/19/2017 1:27:22 PM;1631;25.7;25.1;9.7;9.8;
9/19/2017 1:27:23 PM;1632;25.8;25.1;9.7;9.8;
9/19/2017 1:27:24 PM;1633;25.9;25.1;9.7;9.8;
9/19/2017 1:27:25 PM;1634;26.1;25.1;9.7;9.8;
9/19/2017 1:27:26 PM;1635;26.1;25.1;9.7;9.8;
9/19/2017 1:27:27 PM;1636;26.2;25.1;9.7;9.8;
9/19/2017 1:27:28 PM;1637;26.2;25.1;9.7;9.8;
9/19/2017 1:27:29 PM;1638;26.1;25.1;9.7;9.8;
9/19/2017 1:27:30 PM;1639;25.9;25.1;9.7;9.8;
9/19/2017 1:27:31 PM;1640;25.8;25.1;9.7;9.8;
9/19/2017 1:27:32 PM;1641;25.6;25.1;9.7;9.8;
9/19/2017 1:27:33 PM;1642;25.4;25.0;9.7;9.8;
9/19/2017 1:27:34 PM;1643;25.4;25.0;9.7;9.8;
9/19/2017 1:27:35 PM;1644;25.5;24.9;9.7;9.8;
9/19/2017 1:27:36 PM;1645;25.6;24.9;9.7;9.8;
9/19/2017 1:27:37 PM;1646;25.7;24.9;9.7;9.8;
9/19/2017 1:27:38 PM;1647;25.8;24.9;9.7;9.8;
9/19/2017 1:27:39 PM;1648;25.9;24.9;9.7;9.8;
9/19/2017 1:27:40 PM;1649;25.9;24.9;9.7;9.8;
9/19/2017 1:27:41 PM;1650;25.9;24.9;9.7;9.8;
9/19/2017 1:27:42 PM;1651;25.9;24.9;9.7;9.8;
9/19/2017 1:27:43 PM;1652;25.9;24.9;9.7;9.8;
9/19/2017 1:27:44 PM;1653;26.0;24.9;9.7;9.8;
9/19/2017 1:27:45 PM;1654;26.0;24.9;9.7;9.8;
9/19/2017 1:27:46 PM;1655;26.0;24.9;9.7;9.8;
9/19/2017 1:27:47 PM;1656;26.0;24.9;9.7;9.8;
9/19/2017 1:27:48 PM;1657;25.9;24.9;9.7;9.8;
9/19/2017 1:27:49 PM;1658;25.8;24.9;9.7;9.8;
9/19/2017 1:27:50 PM;1659;25.8;24.9;9.7;9.8;
9/19/2017 1:27:51 PM;1660;25.7;24.9;9.7;9.8;
9/19/2017 1:27:52 PM;1661;25.6;24.9;9.7;9.8;
9/19/2017 1:27:53 PM;1662;25.6;24.9;9.7;9.8;
9/19/2017 1:27:54 PM;1663;25.6;24.9;9.7;9.8;
9/19/2017 1:27:55 PM;1664;25.6;24.9;9.7;9.8;
9/19/2017 1:27:56 PM;1665;25.6;24.9;9.7;9.8;
9/19/2017 1:27:57 PM;1666;25.6;24.9;9.7;9.8;
9/19/2017 1:27:58 PM;1667;25.6;24.9;9.7;9.8;
9/19/2017 1:27:59 PM;1668;25.6;24.9;9.7;9.8;
9/19/2017 1:28:00 PM;1669;25.6;24.9;9.7;9.8;
9/19/2017 1:28:01 PM;1670;25.6;24.9;9.7;9.8;
9/19/2017 1:28:02 PM;1671;25.6;24.9;9.7;9.8;
9/19/2017 1:28:03 PM;1672;25.6;24.9;9.7;9.8;
9/19/2017 1:28:04 PM;1673;25.6;24.9;9.7;9.8;
9/19/2017 1:28:05 PM;1674;25.6;24.9;9.7;9.8;
9/19/2017 1:28:06 PM;1675;25.6;24.9;9.7;9.8;
9/19/2017 1:28:07 PM;1676;25.6;24.9;9.7;9.8;
9/19/2017 1:28:08 PM;1677;25.6;24.9;9.7;9.8;
9/19/2017 1:28:09 PM;1678;25.6;24.9;9.7;9.8;
9/19/2017 1:28:10 PM;1679;25.6;24.9;9.7;9.8;
9/19/2017 1:28:11 PM;1680;25.6;24.9;9.7;9.8;
9/19/2017 1:28:12 PM;1681;25.5;24.9;9.7;9.8;
9/19/2017 1:28:13 PM;1682;25.4;24.9;9.7;9.8;
9/19/2017 1:28:14 PM;1683;25.3;24.9;9.7;9.8;
9/19/2017 1:28:15 PM;1684;25.2;24.9;9.7;9.8;
9/19/2017 1:28:16 PM;1685;25.2;24.9;9.7;9.8;
9/19/2017 1:28:17 PM;1686;25.2;24.9;9.7;9.8;
9/19/2017 1:28:18 PM;1687;25.2;24.9;9.7;9.8;
9/19/2017 1:28:19 PM;1688;25.3;24.9;9.7;9.8;
9/19/2017 1:28:20 PM;1689;25.4;24.9;9.7;9.8;
9/19/2017 1:28:21 PM;1690;25.4;24.9;9.7;9.8;
9/19/2017 1:28:22 PM;1691;25.5;24.9;9.7;9.8;
9/19/2017 1:28:23 PM;1692;25.5;24.8;9.7;9.8;
9/19/2017 1:28:24 PM;1693;25.5;24.8;9.7;9.8;
9/19/2017 1:28:25 PM;1694;25.5;24.8;9.7;9.8;
9/19/2017 1:28:26 PM;1695;25.4;24.8;9.7;9.8;
9/19/2017 1:28:27 PM;1696;25.3;24.8;9.7;9.8;
9/19/2017 1:28:28 PM;1697;25.3;24.8;9.7;9.8;
9/19/2017 1:28:29 PM;1698;25.2;24.8;9.7;9.8;
9/19/2017 1:28:30 PM;1699;25.2;24.9;9.7;9.8;
9/19/2017 1:28:31 PM;1700;25.2;24.9;9.7;9.8;
9/19/2017 1:28:32 PM;1701;25.1;24.9;9.7;9.8;
9/19/2017 1:28:33 PM;1702;25.1;24.8;9.7;9.8;
9/19/2017 1:28:34 PM;1703;25.0;24.8;9.7;9.8;
9/19/2017 1:28:35 PM;1704;25.0;24.8;9.7;9.8;
9/19/2017 1:28:36 PM;1705;25.0;24.8;9.7;9.8;
9/19/2017 1:28:37 PM;1706;25.1;24.8;9.7;9.8;
9/19/2017 1:28:38 PM;1707;25.2;24.8;9.7;9.8;
9/19/2017 1:28:39 PM;1708;25.3;24.8;9.7;9.8;
9/19/2017 1:28:40 PM;1709;25.3;24.8;9.7;9.8;
9/19/2017 1:28:41 PM;1710;25.3;24.8;9.7;9.8;
9/19/2017 1:28:42 PM;1711;25.1;24.8;9.7;9.8;
9/19/2017 1:28:43 PM;1712;25.1;24.8;9.7;9.8;
9/19/2017 1:28:44 PM;1713;25.1;24.8;9.7;9.8;
9/19/2017 1:28:45 PM;1714;25.0;24.8;9.7;9.8;
9/19/2017 1:28:46 PM;1715;25.0;24.8;9.7;9.8;
9/19/2017 1:28:47 PM;1716;25.0;24.8;9.7;9.8;
9/19/2017 1:28:48 PM;1717;25.1;24.8;9.7;9.8;
9/19/2017 1:28:49 PM;1718;25.1;24.8;9.7;9.8;
9/19/2017 1:28:50 PM;1719;25.1;24.8;9.7;9.8;
9/19/2017 1:28:51 PM;1720;25.2;24.8;9.7;9.8;
9/19/2017 1:28:52 PM;1721;25.3;24.8;9.7;9.8;
9/19/2017 1:28:53 PM;1722;25.3;24.8;9.7;9.8;
9/19/2017 1:28:54 PM;1723;25.4;24.8;9.7;9.8;
9/19/2017 1:28:55 PM;1724;25.4;24.8;9.7;9.8;
9/19/2017 1:28:56 PM;1725;25.5;24.8;9.7;9.8;
9/19/2017 1:28:57 PM;1726;25.5;24.8;9.7;9.8;
9/19/2017 1:28:58 PM;1727;25.5;24.8;9.7;9.8;
9/19/2017 1:28:59 PM;1728;25.5;24.8;9.7;9.8;
9/19/2017 1:29:00 PM;1729;25.6;24.8;9.7;9.8;
9/19/2017 1:29:01 PM;1730;25.6;24.8;9.7;9.8;
9/19/2017 1:29:02 PM;1731;25.7;24.8;9.7;9.8;
9/19/2017 1:29:03 PM;1732;25.7;24.8;9.7;9.8;
9/19/2017 1:29:04 PM;1733;25.6;24.8;9.7;9.8;
9/19/2017 1:29:05 PM;1734;25.4;24.8;9.7;9.8;
9/19/2017 1:29:06 PM;1735;25.3;24.8;9.7;9.8;
9/19/2017 1:29:07 PM;1736;25.2;24.8;9.7;9.8;
9/19/2017 1:29:08 PM;1737;25.2;24.8;9.7;9.8;
9/19/2017 1:29:09 PM;1738;25.2;24.8;9.7;9.8;
9/19/2017 1:29:10 PM;1739;25.2;24.8;9.7;9.8;
9/19/2017 1:29:11 PM;1740;25.2;24.8;9.7;9.8;
9/19/2017 1:29:12 PM;1741;25.2;24.8;9.7;9.8;
9/19/2017 1:29:13 PM;1742;25.2;24.8;9.7;9.8;
9/19/2017 1:29:14 PM;1743;25.2;24.8;9.7;9.8;
9/19/2017 1:29:15 PM;1744;25.1;24.8;9.7;9.8;
9/19/2017 1:29:16 PM;1745;25.1;24.7;9.7;9.8;
9/19/2017 1:29:17 PM;1746;25.1;24.7;9.7;9.8;
9/19/2017 1:29:18 PM;1747;25.1;24.7;9.7;9.8;
9/19/2017 1:29:19 PM;1748;25.1;24.7;9.7;9.8;
9/19/2017 1:29:20 PM;1749;25.2;24.7;9.7;9.8;
9/19/2017 1:29:21 PM;1750;25.2;24.8;9.7;9.8;
9/19/2017 1:29:22 PM;1751;25.2;24.8;9.7;9.8;
9/19/2017 1:29:23 PM;1752;25.2;24.8;9.7;9.8;
9/19/2017 1:29:24 PM;1753;25.3;24.8;9.7;9.8;
9/19/2017 1:29:25 PM;1754;25.3;24.8;9.7;9.8;
9/19/2017 1:29:26 PM;1755;25.3;24.8;9.7;9.8;
9/19/2017 1:29:27 PM;1756;25.3;24.8;9.7;9.8;
9/19/2017 1:29:28 PM;1757;25.2;24.8;9.7;9.8;
9/19/2017 1:29:29 PM;1758;25.2;24.8;9.7;9.8;
9/19/2017 1:29:30 PM;1759;25.1;24.8;9.7;9.8;
9/19/2017 1:29:31 PM;1760;25.1;24.8;9.7;9.8;
9/19/2017 1:29:32 PM;1761;25.1;24.8;9.7;9.8;
9/19/2017 1:29:33 PM;1762;25.1;24.7;9.7;9.8;
9/19/2017 1:29:34 PM;1763;25.1;24.7;9.7;9.8;
9/19/2017 1:29:35 PM;1764;25.1;24.6;9.7;9.8;
9/19/2017 1:29:36 PM;1765;25.1;24.6;9.7;9.8;
9/19/2017 1:29:37 PM;1766;25.1;24.6;9.7;9.8;
9/19/2017 1:29:38 PM;1767;25.1;24.6;9.7;9.8;
9/19/2017 1:29:39 PM;1768;25.0;24.6;9.7;9.8;
9/19/2017 1:29:40 PM;1769;25.0;24.6;9.7;9.8;
9/19/2017 1:29:41 PM;1770;24.9;24.6;9.7;9.8;
9/19/2017 1:29:42 PM;1771;24.9;24.6;9.7;9.8;
9/19/2017 1:29:43 PM;1772;25.0;24.6;9.7;9.8;
9/19/2017 1:29:44 PM;1773;25.0;24.6;9.7;9.8;
9/19/2017 1:29:45 PM;1774;25.1;24.6;9.7;9.8;
9/19/2017 1:29:46 PM;1775;25.1;24.6;9.7;9.8;
9/19/2017 1:29:47 PM;1776;25.1;24.6;9.7;9.8;
9/19/2017 1:29:48 PM;1777;25.0;24.6;9.7;9.8;
9/19/2017 1:29:49 PM;1778;25.0;24.6;9.7;9.8;
9/19/2017 1:29:50 PM;1779;24.9;24.6;9.7;9.8;
9/19/2017 1:29:51 PM;1780;24.9;24.6;9.7;9.8;
9/19/2017 1:29:52 PM;1781;24.9;24.6;9.7;9.8;
9/19/2017 1:29:53 PM;1782;24.9;24.6;9.7;9.8;
9/19/2017 1:29:54 PM;1783;24.9;24.6;9.7;9.8;
9/19/2017 1:29:55 PM;1784;24.9;24.6;9.7;9.8;
9/19/2017 1:29:56 PM;1785;24.9;24.6;9.7;9.8;
9/19/2017 1:29:57 PM;1786;25.0;24.6;9.7;9.8;
9/19/2017 1:29:58 PM;1787;25.0;24.6;9.7;9.8;
9/19/2017 1:29:59 PM;1788;24.9;24.6;9.7;9.8;
9/19/2017 1:30:00 PM;1789;24.9;24.6;9.7;9.8;
9/19/2017 1:30:01 PM;1790;24.8;24.6;9.7;9.8;
9/19/2017 1:30:02 PM;1791;24.8;24.6;9.7;9.8;
9/19/2017 1:30:03 PM;1792;24.8;24.6;9.7;9.8;
9/19/2017 1:30:04 PM;1793;24.8;24.6;9.7;9.8;
9/19/2017 1:30:05 PM;1794;24.8;24.6;9.7;9.8;
9/19/2017 1:30:06 PM;1795;24.9;24.6;9.7;9.8;
9/19/2017 1:30:07 PM;1796;24.9;24.6;9.7;9.8;
9/19/2017 1:30:08 PM;1797;24.9;24.6;9.7;9.8;
9/19/2017 1:30:09 PM;1798;24.9;24.6;9.7;9.8;
9/19/2017 1:30:10 PM;1799;24.9;24.6;9.7;9.8;
9/19/2017 1:30:11 PM;1800;24.9;24.6;9.7;9.8;
9/19/2017 1:30:12 PM;1801;24.9;24.6;9.7;9.8;
9/19/2017 1:30:13 PM;1802;24.9;24.6;9.7;9.8;
9/19/2017 1:30:14 PM;1803;24.9;24.6;9.7;9.8;
9/19/2017 1:30:15 PM;1804;24.8;24.6;9.7;9.8;
9/19/2017 1:30:16 PM;1805;24.8;24.6;9.7;9.8;
9/19/2017 1:30:17 PM;1806;24.7;24.6;9.7;9.8;
9/19/2017 1:30:18 PM;1807;24.7;24.6;9.7;9.8;
9/19/2017 1:30:19 PM;1808;24.7;24.6;9.7;9.8;
9/19/2017 1:30:20 PM;1809;24.7;24.6;9.7;9.8;
9/19/2017 1:30:21 PM;1810;24.7;24.6;9.7;9.8;
9/19/2017 1:30:22 PM;1811;24.7;24.6;9.7;9.8;
9/19/2017 1:30:23 PM;1812;24.7;24.6;9.7;9.8;
9/19/2017 1:30:24 PM;1813;24.8;24.6;9.7;9.8;
9/19/2017 1:30:25 PM;1814;24.8;24.6;9.7;9.8;
9/19/2017 1:30:26 PM;1815;24.8;24.6;9.7;9.8;
9/19/2017 1:30:27 PM;1816;24.8;24.6;9.7;9.8;
9/19/2017 1:30:28 PM;1817;24.9;24.6;9.7;9.8;
9/19/2017 1:30:29 PM;1818;24.8;24.6;9.7;9.8;
9/19/2017 1:30:30 PM;1819;24.8;24.6;9.7;9.8;
9/19/2017 1:30:31 PM;1820;24.8;24.6;9.7;9.8;
9/19/2017 1:30:32 PM;1821;24.8;24.6;9.7;9.8;
9/19/2017 1:30:33 PM;1822;24.7;24.6;9.7;9.8;
9/19/2017 1:30:34 PM;1823;24.7;24.6;9.7;9.8;
9/19/2017 1:30:35 PM;1824;24.8;24.6;9.7;9.8;
9/19/2017 1:30:36 PM;1825;24.7;24.6;9.7;9.8;
9/19/2017 1:30:37 PM;1826;24.7;24.6;9.7;9.8;
9/19/2017 1:30:38 PM;1827;24.7;24.6;9.7;9.8;
9/19/2017 1:30:39 PM;1828;24.8;24.6;9.7;9.8;
9/19/2017 1:30:40 PM;1829;24.8;24.6;9.7;9.8;
9/19/2017 1:30:41 PM;1830;24.8;24.6;9.7;9.8;
9/19/2017 1:30:42 PM;1831;24.9;24.6;9.7;9.8;
9/19/2017 1:30:43 PM;1832;24.9;24.6;9.7;9.8;
9/19/2017 1:30:44 PM;1833;24.9;24.6;9.7;9.8;
9/19/2017 1:30:45 PM;1834;24.8;24.6;9.7;9.8;
9/19/2017 1:30:46 PM;1835;24.8;24.6;9.7;9.8;
9/19/2017 1:30:47 PM;1836;24.7;24.6;9.7;9.8;
9/19/2017 1:30:48 PM;1837;24.7;24.6;9.7;9.8;
9/19/2017 1:30:49 PM;1838;24.7;24.6;9.7;9.8;
9/19/2017 1:30:50 PM;1839;24.7;24.6;9.7;9.8;
9/19/2017 1:30:51 PM;1840;24.7;24.6;9.7;9.8;
9/19/2017 1:30:52 PM;1841;24.6;24.6;9.7;9.8;
9/19/2017 1:30:53 PM;1842;24.6;24.6;9.7;9.8;
9/19/2017 1:30:54 PM;1843;24.6;24.6;9.7;9.8;
9/19/2017 1:30:55 PM;1844;24.6;24.6;9.7;9.8;
9/19/2017 1:30:56 PM;1845;24.6;24.6;9.7;9.8;
9/19/2017 1:30:57 PM;1846;24.6;24.6;9.7;9.8;
9/19/2017 1:30:58 PM;1847;24.7;24.5;9.7;9.8;
9/19/2017 1:30:59 PM;1848;24.7;24.5;9.7;9.8;
9/19/2017 1:31:00 PM;1849;24.6;24.5;9.7;9.8;
9/19/2017 1:31:01 PM;1850;24.6;24.5;9.7;9.8;
9/19/2017 1:31:02 PM;1851;24.6;24.5;9.7;9.8;
9/19/2017 1:31:03 PM;1852;24.6;24.5;9.7;9.8;
9/19/2017 1:31:04 PM;1853;24.6;24.6;9.7;9.8;
9/19/2017 1:31:05 PM;1854;24.6;24.6;9.7;9.8;
9/19/2017 1:31:06 PM;1855;24.6;24.5;9.7;9.8;
9/19/2017 1:31:07 PM;1856;24.6;24.5;9.7;9.8;
9/19/2017 1:31:08 PM;1857;24.6;24.5;9.7;9.8;
9/19/2017 1:31:09 PM;1858;24.6;24.5;9.7;9.8;
9/19/2017 1:31:10 PM;1859;24.6;24.5;9.7;9.8;
9/19/2017 1:31:11 PM;1860;24.6;24.5;9.7;9.8;
9/19/2017 1:31:12 PM;1861;24.6;24.5;9.7;9.8;
9/19/2017 1:31:13 PM;1862;24.6;24.5;9.7;9.8;
9/19/2017 1:31:14 PM;1863;24.6;24.6;9.7;9.8;
9/19/2017 1:31:15 PM;1864;24.6;24.6;9.7;9.8;
9/19/2017 1:31:16 PM;1865;24.6;24.6;9.7;9.8;
9/19/2017 1:31:17 PM;1866;24.6;24.6;9.7;9.8;
9/19/2017 1:31:18 PM;1867;24.6;24.6;9.7;9.8;
9/19/2017 1:31:19 PM;1868;24.6;24.6;9.7;9.8;
9/19/2017 1:31:20 PM;1869;24.6;24.6;9.7;9.8;
9/19/2017 1:31:21 PM;1870;24.6;24.6;9.7;9.8;
9/19/2017 1:31:22 PM;1871;24.6;24.6;9.7;9.8;
9/19/2017 1:31:23 PM;1872;24.6;24.6;9.7;9.8;
9/19/2017 1:31:24 PM;1873;24.6;24.6;9.7;9.8;
9/19/2017 1:31:25 PM;1874;24.6;24.6;9.7;9.8;
9/19/2017 1:31:26 PM;1875;24.6;24.6;9.7;9.8;
9/19/2017 1:31:27 PM;1876;24.6;24.5;9.7;9.8;
9/19/2017 1:31:28 PM;1877;24.6;24.5;9.7;9.8;
9/19/2017 1:31:29 PM;1878;24.6;24.5;9.7;9.8;
9/19/2017 1:31:30 PM;1879;24.6;24.5;9.7;9.8;
9/19/2017 1:31:31 PM;1880;24.7;24.5;9.7;9.8;
9/19/2017 1:31:32 PM;1881;24.6;24.5;9.7;9.8;
9/19/2017 1:31:33 PM;1882;24.6;24.5;9.7;9.8;
9/19/2017 1:31:34 PM;1883;24.6;24.5;9.7;9.8;
9/19/2017 1:31:35 PM;1884;24.6;24.5;9.7;9.8;
9/19/2017 1:31:36 PM;1885;24.6;24.5;9.7;9.8;
9/19/2017 1:31:37 PM;1886;24.6;24.5;9.7;9.8;
9/19/2017 1:31:38 PM;1887;24.6;24.5;9.7;9.8;
9/19/2017 1:31:39 PM;1888;24.6;24.5;9.7;9.8;
9/19/2017 1:31:40 PM;1889;24.6;24.5;9.7;9.8;
9/19/2017 1:31:41 PM;1890;24.6;24.5;9.7;9.8;
9/19/2017 1:31:42 PM;1891;24.6;24.5;9.7;9.8;
9/19/2017 1:31:43 PM;1892;24.6;24.5;9.7;9.8;
9/19/2017 1:31:44 PM;1893;24.6;24.5;9.7;9.8;
9/19/2017 1:31:45 PM;1894;24.6;24.5;9.7;9.8;
9/19/2017 1:31:46 PM;1895;24.6;24.5;9.7;9.8;
9/19/2017 1:31:47 PM;1896;24.6;24.5;9.7;9.8;
9/19/2017 1:31:48 PM;1897;24.6;24.5;9.7;9.8;
9/19/2017 1:31:49 PM;1898;24.6;24.5;9.7;9.8;
9/19/2017 1:31:50 PM;1899;24.6;24.5;9.7;9.8;
9/19/2017 1:31:51 PM;1900;24.6;24.5;9.7;9.8;
9/19/2017 1:31:52 PM;1901;24.6;24.5;9.7;9.8;
9/19/2017 1:31:53 PM;1902;24.6;24.5;9.7;9.8;
9/19/2017 1:31:54 PM;1903;24.6;24.5;9.7;9.8;
9/19/2017 1:31:55 PM;1904;24.6;24.5;9.7;9.8;
9/19/2017 1:31:56 PM;1905;24.6;24.5;9.7;9.8;
9/19/2017 1:31:57 PM;1906;24.6;24.5;9.7;9.8;
9/19/2017 1:31:58 PM;1907;24.6;24.5;9.7;9.8;
9/19/2017 1:31:59 PM;1908;24.6;24.5;9.7;9.8;
9/19/2017 1:32:00 PM;1909;24.6;24.5;9.7;9.8;
9/19/2017 1:32:01 PM;1910;24.6;24.5;9.7;9.8;
9/19/2017 1:32:02 PM;1911;24.6;24.5;9.7;9.8;
9/19/2017 1:32:03 PM;1912;24.6;24.5;9.7;9.8;
9/19/2017 1:32:04 PM;1913;24.6;24.5;9.7;9.8;
9/19/2017 1:32:05 PM;1914;24.6;24.5;9.7;9.8;
9/19/2017 1:32:06 PM;1915;24.6;24.5;9.7;9.8;
9/19/2017 1:32:07 PM;1916;24.6;24.5;9.7;9.8;
9/19/2017 1:32:08 PM;1917;24.6;24.5;9.7;9.8;
9/19/2017 1:32:09 PM;1918;24.6;24.5;9.7;9.8;
9/19/2017 1:32:10 PM;1919;24.6;24.5;9.7;9.8;
9/19/2017 1:32:11 PM;1920;24.6;24.5;9.7;9.8;
9/19/2017 1:32:12 PM;1921;24.6;24.5;9.7;9.8;
9/19/2017 1:32:13 PM;1922;24.6;24.5;9.7;9.8;
9/19/2017 1:32:14 PM;1923;24.5;24.5;9.7;9.8;
9/19/2017 1:32:15 PM;1924;24.5;24.5;9.7;9.8;
9/19/2017 1:32:16 PM;1925;24.5;24.5;9.7;9.8;
9/19/2017 1:32:17 PM;1926;24.4;24.5;9.7;9.8;
9/19/2017 1:32:18 PM;1927;24.4;24.5;9.7;9.8;
9/19/2017 1:32:19 PM;1928;24.4;24.5;9.7;9.8;
9/19/2017 1:32:20 PM;1929;24.4;24.5;9.7;9.8;
9/19/2017 1:32:21 PM;1930;24.4;24.5;9.7;9.8;
9/19/2017 1:32:22 PM;1931;24.4;24.5;9.7;9.8;
9/19/2017 1:32:23 PM;1932;24.4;24.5;9.7;9.8;
9/19/2017 1:32:24 PM;1933;24.4;24.5;9.7;9.8;
9/19/2017 1:32:25 PM;1934;24.4;24.5;9.7;9.8;
9/19/2017 1:32:26 PM;1935;24.4;24.5;9.7;9.8;
9/19/2017 1:32:27 PM;1936;24.4;24.5;9.7;9.8;
9/19/2017 1:32:28 PM;1937;24.4;24.5;9.7;9.8;
9/19/2017 1:32:29 PM;1938;24.5;24.5;9.7;9.8;
9/19/2017 1:32:30 PM;1939;24.5;24.5;9.7;9.8;
9/19/2017 1:32:31 PM;1940;24.6;24.5;9.7;9.8;
9/19/2017 1:32:32 PM;1941;24.6;24.5;9.7;9.8;
9/19/2017 1:32:33 PM;1942;24.6;24.5;9.7;9.8;
9/19/2017 1:32:34 PM;1943;24.5;24.5;9.7;9.8;
9/19/2017 1:32:35 PM;1944;24.5;24.5;9.7;9.8;
9/19/2017 1:32:36 PM;1945;24.4;24.5;9.7;9.8;
9/19/2017 1:32:37 PM;1946;24.4;24.5;9.7;9.8;
9/19/2017 1:32:38 PM;1947;24.4;24.5;9.7;9.8;
9/19/2017 1:32:39 PM;1948;24.4;24.5;9.7;9.8;
9/19/2017 1:32:40 PM;1949;24.4;24.5;9.7;9.8;
9/19/2017 1:32:41 PM;1950;24.4;24.5;9.7;9.8;
9/19/2017 1:32:42 PM;1951;24.4;24.5;9.7;9.8;
9/19/2017 1:32:43 PM;1952;24.4;24.5;9.7;9.8;
9/19/2017 1:32:44 PM;1953;24.4;24.5;9.7;9.8;
9/19/2017 1:32:45 PM;1954;24.5;24.5;9.7;9.8;
9/19/2017 1:32:46 PM;1955;24.5;24.5;9.7;9.8;
9/19/2017 1:32:47 PM;1956;24.5;24.5;9.7;9.8;
9/19/2017 1:32:48 PM;1957;24.6;24.5;9.7;9.8;
9/19/2017 1:32:49 PM;1958;24.6;24.5;9.7;9.8;
9/19/2017 1:32:50 PM;1959;24.5;24.5;9.7;9.8;
9/19/2017 1:32:51 PM;1960;24.5;24.5;9.7;9.8;
9/19/2017 1:32:52 PM;1961;24.4;24.5;9.7;9.8;
9/19/2017 1:32:53 PM;1962;24.4;24.5;9.7;9.8;
9/19/2017 1:32:54 PM;1963;24.4;24.5;9.7;9.8;
9/19/2017 1:32:55 PM;1964;24.4;24.5;9.7;9.8;
9/19/2017 1:32:56 PM;1965;24.3;24.5;9.7;9.8;
9/19/2017 1:32:57 PM;1966;24.3;24.5;9.7;9.8;
9/19/2017 1:32:58 PM;1967;24.3;24.5;9.7;9.8;
9/19/2017 1:32:59 PM;1968;24.3;24.5;9.7;9.8;
9/19/2017 1:33:00 PM;1969;24.3;24.5;9.7;9.8;
9/19/2017 1:33:01 PM;1970;24.4;24.5;9.7;9.8;
9/19/2017 1:33:02 PM;1971;24.4;24.5;9.7;9.8;
9/19/2017 1:33:03 PM;1972;24.4;24.5;9.7;9.8;
9/19/2017 1:33:04 PM;1973;24.4;24.5;9.7;9.8;
9/19/2017 1:33:05 PM;1974;24.4;24.5;9.7;9.8;
9/19/2017 1:33:06 PM;1975;24.4;24.5;9.7;9.8;
9/19/2017 1:33:07 PM;1976;24.4;24.5;9.7;9.8;
9/19/2017 1:33:08 PM;1977;24.4;24.5;9.7;9.8;
9/19/2017 1:33:09 PM;1978;24.4;24.5;9.7;9.8;
9/19/2017 1:33:10 PM;1979;24.4;24.5;9.7;9.8;
9/19/2017 1:33:11 PM;1980;24.4;24.5;9.7;9.8;
9/19/2017 1:33:12 PM;1981;24.4;24.5;9.7;9.8;
9/19/2017 1:33:13 PM;1982;24.4;24.5;9.7;9.8;
9/19/2017 1:33:14 PM;1983;24.4;24.5;9.7;9.8;
9/19/2017 1:33:15 PM;1984;24.4;24.5;9.7;9.8;
9/19/2017 1:33:16 PM;1985;24.4;24.5;9.7;9.8;
9/19/2017 1:33:17 PM;1986;24.4;24.5;9.7;9.8;
9/19/2017 1:33:18 PM;1987;24.4;24.5;9.7;9.8;
9/19/2017 1:33:19 PM;1988;24.4;24.5;9.7;9.8;
9/19/2017 1:33:20 PM;1989;24.4;24.5;9.7;9.8;
9/19/2017 1:33:21 PM;1990;24.4;24.5;9.7;9.8;
9/19/2017 1:33:22 PM;1991;24.4;24.5;9.7;9.8;
9/19/2017 1:33:23 PM;1992;24.4;24.5;9.7;9.8;
9/19/2017 1:33:24 PM;1993;24.4;24.5;9.7;9.8;
9/19/2017 1:33:25 PM;1994;24.4;24.5;9.7;9.8;
9/19/2017 1:33:26 PM;1995;24.4;24.5;9.7;9.8;
9/19/2017 1:33:27 PM;1996;24.4;24.5;9.7;9.8;
9/19/2017 1:33:28 PM;1997;24.4;24.5;9.7;9.8;
9/19/2017 1:33:29 PM;1998;24.4;24.5;9.7;9.8;
9/19/2017 1:33:30 PM;1999;24.4;24.5;9.7;9.8;
9/19/2017 1:33:31 PM;2000;24.4;24.5;9.7;9.8;
9/19/2017 1:33:32 PM;2001;24.4;24.5;9.7;9.8;
9/19/2017 1:33:33 PM;2002;24.4;24.5;9.7;9.8;
9/19/2017 1:33:34 PM;2003;24.4;24.5;9.7;9.8;
9/19/2017 1:33:35 PM;2004;24.4;24.5;9.7;9.8;
9/19/2017 1:33:36 PM;2005;24.4;24.5;9.7;9.8;
9/19/2017 1:33:37 PM;2006;24.4;24.5;9.7;9.8;
9/19/2017 1:33:38 PM;2007;24.4;24.5;9.7;9.8;
9/19/2017 1:33:39 PM;2008;24.4;24.5;9.7;9.8;
9/19/2017 1:33:40 PM;2009;24.4;24.5;9.7;9.8;
9/19/2017 1:33:41 PM;2010;24.4;24.5;9.7;9.8;
9/19/2017 1:33:42 PM;2011;24.4;24.5;9.7;9.8;
9/19/2017 1:33:43 PM;2012;24.4;24.5;9.7;9.8;
9/19/2017 1:33:44 PM;2013;24.4;24.5;9.7;9.8;
9/19/2017 1:33:45 PM;2014;24.4;24.5;9.7;9.8;
9/19/2017 1:33:46 PM;2015;24.4;24.5;9.7;9.8;
9/19/2017 1:33:47 PM;2016;24.4;24.5;9.7;9.8;
9/19/2017 1:33:48 PM;2017;24.4;24.5;9.7;9.8;
9/19/2017 1:33:49 PM;2018;24.4;24.5;9.7;9.8;
9/19/2017 1:33:50 PM;2019;24.4;24.5;9.7;9.8;
9/19/2017 1:33:51 PM;2020;24.4;24.5;9.7;9.8;
9/19/2017 1:33:52 PM;2021;24.4;24.5;9.7;9.8;
9/19/2017 1:33:53 PM;2022;24.4;24.5;9.7;9.8;
9/19/2017 1:33:54 PM;2023;24.4;24.5;9.7;9.8;
9/19/2017 1:33:55 PM;2024;24.4;24.5;9.7;9.8;
9/19/2017 1:33:56 PM;2025;24.4;24.5;9.7;9.8;
9/19/2017 1:33:57 PM;2026;24.4;24.5;9.7;9.8;
9/19/2017 1:33:58 PM;2027;24.4;24.5;9.7;9.8;
9/19/2017 1:33:59 PM;2028;24.4;24.5;9.7;9.8;
9/19/2017 1:34:00 PM;2029;24.4;24.5;9.7;9.8;
9/19/2017 1:34:01 PM;2030;24.4;24.5;9.7;9.8;
9/19/2017 1:34:02 PM;2031;24.4;24.5;9.7;9.8;
9/19/2017 1:34:03 PM;2032;24.4;24.5;9.7;9.8;
9/19/2017 1:34:04 PM;2033;24.4;24.5;9.7;9.8;
9/19/2017 1:34:05 PM;2034;24.4;24.5;9.7;9.8;
9/19/2017 1:34:06 PM;2035;24.4;24.5;9.7;9.8;
9/19/2017 1:34:07 PM;2036;24.4;24.5;9.7;9.8;
9/19/2017 1:34:08 PM;2037;24.4;24.5;9.7;9.8;
9/19/2017 1:34:09 PM;2038;24.4;24.5;9.7;9.8;
9/19/2017 1:34:10 PM;2039;24.4;24.5;9.7;9.8;
9/19/2017 1:34:11 PM;2040;24.4;24.5;9.7;9.8;
9/19/2017 1:34:12 PM;2041;24.4;24.5;9.7;9.8;
9/19/2017 1:34:13 PM;2042;24.4;24.5;9.7;9.8;
9/19/2017 1:34:14 PM;2043;24.4;24.5;9.7;9.8;
9/19/2017 1:34:15 PM;2044;24.4;24.5;9.7;9.8;
9/19/2017 1:34:16 PM;2045;24.4;24.5;9.7;9.8;
9/19/2017 1:34:17 PM;2046;24.4;24.5;9.7;9.8;
9/19/2017 1:34:18 PM;2047;24.4;24.5;9.7;9.8;
9/19/2017 1:34:19 PM;2048;24.4;24.5;9.7;9.8;
9/19/2017 1:34:20 PM;2049;24.4;24.5;9.7;9.8;
9/19/2017 1:34:21 PM;2050;24.4;24.5;9.7;9.8;
9/19/2017 1:34:22 PM;2051;24.4;24.5;9.7;9.8;
9/19/2017 1:34:23 PM;2052;24.4;24.5;9.7;9.8;
9/19/2017 1:34:24 PM;2053;24.4;24.5;9.7;9.8;
9/19/2017 1:34:25 PM;2054;24.4;24.5;9.7;9.8;
9/19/2017 1:34:26 PM;2055;24.4;24.5;9.7;9.8;
9/19/2017 1:34:27 PM;2056;24.4;24.5;9.7;9.8;
9/19/2017 1:34:28 PM;2057;24.4;24.5;9.7;9.8;
9/19/2017 1:34:29 PM;2058;24.4;24.5;9.7;9.8;
9/19/2017 1:34:30 PM;2059;24.4;24.5;9.7;9.8;
9/19/2017 1:34:31 PM;2060;24.4;24.5;9.7;9.8;
9/19/2017 1:34:32 PM;2061;24.4;24.5;9.7;9.8;
9/19/2017 1:34:33 PM;2062;24.4;24.5;9.7;9.8;
9/19/2017 1:34:34 PM;2063;24.4;24.5;9.7;9.8;
9/19/2017 1:34:35 PM;2064;24.4;24.5;9.7;9.8;
9/19/2017 1:34:36 PM;2065;24.4;24.5;9.7;9.8;
9/19/2017 1:34:37 PM;2066;24.4;24.5;9.7;9.8;
9/19/2017 1:34:38 PM;2067;24.4;24.5;9.7;9.8;
9/19/2017 1:34:39 PM;2068;24.4;24.5;9.7;9.8;
9/19/2017 1:34:40 PM;2069;24.4;24.5;9.7;9.8;
9/19/2017 1:34:41 PM;2070;24.4;24.5;9.7;9.8;
9/19/2017 1:34:42 PM;2071;24.4;24.5;9.7;9.8;
9/19/2017 1:34:43 PM;2072;24.4;24.5;9.7;9.8;
9/19/2017 1:34:44 PM;2073;24.4;24.5;9.7;9.8;
9/19/2017 1:34:45 PM;2074;24.4;24.5;9.7;9.8;
9/19/2017 1:34:46 PM;2075;24.4;24.5;9.7;9.8;
9/19/2017 1:34:47 PM;2076;24.4;24.5;9.7;9.8;
9/19/2017 1:34:48 PM;2077;24.4;24.5;9.7;9.8;
9/19/2017 1:34:49 PM;2078;24.4;24.5;9.7;9.8;
9/19/2017 1:34:50 PM;2079;24.3;24.5;9.7;9.8;
9/19/2017 1:34:51 PM;2080;24.3;24.5;9.7;9.8;
9/19/2017 1:34:52 PM;2081;24.3;24.5;9.7;9.8;
9/19/2017 1:34:53 PM;2082;24.3;24.5;9.7;9.8;
9/19/2017 1:34:54 PM;2083;24.3;24.5;9.7;9.8;
9/19/2017 1:34:55 PM;2084;24.3;24.5;9.7;9.8;
9/19/2017 1:34:56 PM;2085;24.3;24.5;9.7;9.8;
9/19/2017 1:34:57 PM;2086;24.4;24.5;9.7;9.8;
9/19/2017 1:34:58 PM;2087;24.4;24.5;9.7;9.8;
9/19/2017 1:34:59 PM;2088;24.4;24.5;9.7;9.8;
9/19/2017 1:35:00 PM;2089;24.4;24.5;9.7;9.8;
9/19/2017 1:35:01 PM;2090;24.4;24.5;9.7;9.8;
9/19/2017 1:35:02 PM;2091;24.4;24.5;9.7;9.8;
9/19/2017 1:35:03 PM;2092;24.4;24.5;9.7;9.8;
9/19/2017 1:35:04 PM;2093;24.4;24.5;9.7;9.8;
9/19/2017 1:35:05 PM;2094;24.4;24.5;9.7;9.8;
9/19/2017 1:35:06 PM;2095;24.4;24.5;9.7;9.8;
9/19/2017 1:35:07 PM;2096;24.4;24.5;9.7;9.8;
9/19/2017 1:35:08 PM;2097;24.4;24.5;9.7;9.8;
9/19/2017 1:35:09 PM;2098;24.4;24.5;9.7;9.8;
9/19/2017 1:35:10 PM;2099;24.4;24.5;9.7;9.8;
9/19/2017 1:35:11 PM;2100;24.4;24.5;9.7;9.8;
9/19/2017 1:35:12 PM;2101;24.4;24.5;9.7;9.8;
9/19/2017 1:35:13 PM;2102;24.4;24.5;9.7;9.8;
9/19/2017 1:35:14 PM;2103;24.4;24.5;9.7;9.8;
9/19/2017 1:35:15 PM;2104;24.4;24.5;9.7;9.8;
9/19/2017 1:35:16 PM;2105;24.4;24.5;9.7;9.8;
9/19/2017 1:35:17 PM;2106;24.4;24.5;9.7;9.8;
9/19/2017 1:35:18 PM;2107;24.4;24.5;9.7;9.8;
9/19/2017 1:35:19 PM;2108;24.4;24.5;9.7;9.8;
9/19/2017 1:35:20 PM;2109;24.4;24.5;9.7;9.8;
9/19/2017 1:35:21 PM;2110;24.4;24.5;9.7;9.8;
9/19/2017 1:35:22 PM;2111;24.4;24.5;9.7;9.8;
9/19/2017 1:35:23 PM;2112;24.4;24.5;9.7;9.8;
9/19/2017 1:35:24 PM;2113;24.3;24.5;9.7;9.8;
9/19/2017 1:35:25 PM;2114;24.3;24.5;9.7;9.8;
9/19/2017 1:35:26 PM;2115;24.3;24.5;9.7;9.8;
9/19/2017 1:35:27 PM;2116;24.3;24.5;9.7;9.8;
9/19/2017 1:35:28 PM;2117;24.3;24.5;9.7;9.8;
9/19/2017 1:35:29 PM;2118;24.3;24.5;9.7;9.8;
9/19/2017 1:35:30 PM;2119;24.3;24.5;9.7;9.8;
9/19/2017 1:35:31 PM;2120;24.3;24.5;9.7;9.8;
9/19/2017 1:35:32 PM;2121;24.3;24.5;9.7;9.8;
9/19/2017 1:35:33 PM;2122;24.3;24.5;9.7;9.8;
9/19/2017 1:35:34 PM;2123;24.4;24.5;9.7;9.8;
9/19/2017 1:35:35 PM;2124;24.4;24.5;9.7;9.8;
9/19/2017 1:35:36 PM;2125;24.4;24.5;9.7;9.8;
