Meas Point;Vol.;Conc.;Cond. sensor V;Temp. sensor V;Cond. sensor W;Temp. sensor W;
;ml;mg/l;µS/cm;°C;µS/cm;°C;
0;500.0;0.00;23.4;11.5;23.2;11.4;
1;500.5;5.00;34.0;11.5;33.8;11.4;
2;501.0;9.98;44.4;11.5;44.2;11.4;
3;501.5;14.96;55.0;11.5;54.5;11.4;
4;502.0;19.92;65.4;11.5;65.0;11.4;
5;502.5;24.88;75.8;11.5;75.3;11.4;
6;503.0;29.82;86.1;11.5;85.6;11.4;

Date/Time;Meas Point;Cond. sensor V;Cond. sensor W;Temp. sensor V;Temp. sensor W;
9/17/2015 1:29:46 PM;0;22.4;22.2;11.4;11.3;
9/17/2015 1:29:47 PM;1;22.4;22.2;11.4;11.3;
9/17/2015 1:29:48 PM;2;22.4;22.2;11.4;11.3;
9/17/2015 1:29:49 PM;3;22.4;22.2;11.4;11.3;
9/17/2015 1:29:50 PM;4;22.4;22.2;11.4;11.3;
9/17/2015 1:29:51 PM;5;22.4;22.2;11.4;11.3;
9/17/2015 1:29:52 PM;6;22.4;22.2;11.4;11.3;
9/17/2015 1:29:53 PM;7;22.4;22.2;11.4;11.3;
9/17/2015 1:29:54 PM;8;22.4;22.2;11.4;11.3;
9/17/2015 1:29:55 PM;9;22.4;22.2;11.4;11.3;
9/17/2015 1:29:56 PM;10;22.4;22.2;11.4;11.3;
9/17/2015 1:29:57 PM;11;22.4;22.2;11.4;11.3;
9/17/2015 1:29:58 PM;12;22.4;22.2;11.4;11.3;
9/17/2015 1:29:59 PM;13;22.4;22.2;11.4;11.3;
9/17/2015 1:30:00 PM;14;22.4;22.3;11.4;11.3;
9/17/2015 1:30:01 PM;15;22.4;22.3;11.4;11.3;
9/17/2015 1:30:02 PM;16;22.4;22.3;11.4;11.3;
9/17/2015 1:30:03 PM;17;22.4;22.3;11.4;11.3;
9/17/2015 1:30:04 PM;18;22.4;22.3;11.4;11.3;
9/17/2015 1:30:05 PM;19;22.4;22.3;11.4;11.3;
9/17/2015 1:30:06 PM;20;22.4;22.3;11.4;11.3;
9/17/2015 1:30:07 PM;21;22.4;22.2;11.4;11.3;
9/17/2015 1:30:08 PM;22;22.4;22.2;11.4;11.3;
9/17/2015 1:30:09 PM;23;22.4;22.2;11.4;11.3;
9/17/2015 1:30:10 PM;24;22.4;22.2;11.4;11.3;
9/17/2015 1:30:11 PM;25;22.3;22.2;11.4;11.3;
9/17/2015 1:30:12 PM;26;22.3;22.2;11.4;11.3;
9/17/2015 1:30:13 PM;27;22.3;22.2;11.4;11.3;
9/17/2015 1:30:14 PM;28;22.3;22.2;11.4;11.3;
9/17/2015 1:30:15 PM;29;22.3;22.2;11.4;11.3;
9/17/2015 1:30:16 PM;30;22.4;22.2;11.4;11.3;
9/17/2015 1:30:17 PM;31;22.4;22.2;11.4;11.3;
9/17/2015 1:30:18 PM;32;22.4;22.2;11.4;11.3;
9/17/2015 1:30:19 PM;33;22.4;22.2;11.4;11.3;
9/17/2015 1:30:20 PM;34;22.4;22.2;11.4;11.3;
9/17/2015 1:30:21 PM;35;22.4;22.2;11.4;11.3;
9/17/2015 1:30:22 PM;36;22.4;22.2;11.4;11.3;
9/17/2015 1:30:23 PM;37;22.4;22.2;11.4;11.3;
9/17/2015 1:30:24 PM;38;22.4;22.2;11.4;11.3;
9/17/2015 1:30:25 PM;39;22.4;22.2;11.4;11.3;
9/17/2015 1:30:26 PM;40;22.4;22.2;11.4;11.3;
9/17/2015 1:30:27 PM;41;22.4;22.2;11.4;11.3;
9/17/2015 1:30:28 PM;42;22.4;22.2;11.4;11.3;
9/17/2015 1:30:29 PM;43;22.4;22.2;11.4;11.3;
9/17/2015 1:30:30 PM;44;22.4;22.2;11.4;11.3;
9/17/2015 1:30:31 PM;45;22.4;22.2;11.4;11.3;
9/17/2015 1:30:32 PM;46;22.4;22.2;11.4;11.3;
9/17/2015 1:30:33 PM;47;22.4;22.2;11.4;11.3;
9/17/2015 1:30:34 PM;48;22.4;22.2;11.4;11.3;
9/17/2015 1:30:35 PM;49;22.4;22.2;11.4;11.3;
9/17/2015 1:30:36 PM;50;22.4;22.2;11.4;11.3;
9/17/2015 1:30:37 PM;51;22.4;22.2;11.4;11.3;
9/17/2015 1:30:38 PM;52;22.4;22.2;11.4;11.3;
9/17/2015 1:30:39 PM;53;22.4;22.2;11.4;11.3;
9/17/2015 1:30:40 PM;54;22.4;22.2;11.4;11.3;
9/17/2015 1:30:41 PM;55;22.4;22.2;11.4;11.3;
9/17/2015 1:30:42 PM;56;22.4;22.2;11.4;11.3;
9/17/2015 1:30:43 PM;57;22.4;22.2;11.4;11.3;
9/17/2015 1:30:44 PM;58;22.4;22.2;11.4;11.3;
9/17/2015 1:30:45 PM;59;22.4;22.2;11.4;11.3;
9/17/2015 1:30:46 PM;60;22.4;22.2;11.4;11.3;
9/17/2015 1:30:47 PM;61;22.4;22.2;11.4;11.3;
9/17/2015 1:30:48 PM;62;22.4;22.2;11.4;11.3;
9/17/2015 1:30:49 PM;63;22.4;22.2;11.4;11.3;
9/17/2015 1:30:50 PM;64;22.4;22.2;11.4;11.3;
9/17/2015 1:30:51 PM;65;22.4;22.2;11.4;11.3;
9/17/2015 1:30:52 PM;66;22.4;22.2;11.4;11.3;
9/17/2015 1:30:53 PM;67;22.3;22.2;11.4;11.3;
9/17/2015 1:30:54 PM;68;22.3;22.2;11.4;11.3;
9/17/2015 1:30:55 PM;69;22.3;22.2;11.4;11.3;
9/17/2015 1:30:56 PM;70;22.3;22.2;11.4;11.3;
9/17/2015 1:30:57 PM;71;22.3;22.2;11.4;11.3;
9/17/2015 1:30:58 PM;72;22.4;22.2;11.4;11.3;
9/17/2015 1:30:59 PM;73;22.4;22.2;11.4;11.3;
9/17/2015 1:31:00 PM;74;22.4;22.2;11.4;11.3;
9/17/2015 1:31:01 PM;75;22.4;22.2;11.4;11.3;
9/17/2015 1:31:02 PM;76;22.4;22.2;11.4;11.3;
9/17/2015 1:31:03 PM;77;22.4;22.2;11.4;11.3;
9/17/2015 1:31:04 PM;78;22.4;22.2;11.4;11.3;
9/17/2015 1:31:05 PM;79;22.4;22.2;11.4;11.3;
9/17/2015 1:31:06 PM;80;22.4;22.2;11.4;11.3;
9/17/2015 1:31:07 PM;81;22.4;22.2;11.4;11.3;
9/17/2015 1:31:08 PM;82;22.4;22.2;11.4;11.3;
9/17/2015 1:31:09 PM;83;22.4;22.2;11.4;11.3;
9/17/2015 1:31:10 PM;84;22.4;22.2;11.4;11.3;
9/17/2015 1:31:11 PM;85;22.4;22.2;11.4;11.3;
9/17/2015 1:31:12 PM;86;22.4;22.2;11.4;11.3;
9/17/2015 1:31:13 PM;87;22.4;22.2;11.4;11.3;
9/17/2015 1:31:14 PM;88;22.4;22.2;11.4;11.3;
9/17/2015 1:31:15 PM;89;22.4;22.2;11.4;11.3;
9/17/2015 1:31:16 PM;90;22.4;22.2;11.4;11.3;
9/17/2015 1:31:17 PM;91;22.4;22.2;11.4;11.3;
9/17/2015 1:31:18 PM;92;22.4;22.2;11.4;11.3;
9/17/2015 1:31:19 PM;93;22.4;22.2;11.4;11.3;
9/17/2015 1:31:20 PM;94;22.3;22.2;11.4;11.3;
9/17/2015 1:31:21 PM;95;22.3;22.2;11.4;11.3;
9/17/2015 1:31:22 PM;96;22.3;22.2;11.4;11.3;
9/17/2015 1:31:23 PM;97;22.3;22.2;11.4;11.3;
9/17/2015 1:31:24 PM;98;22.3;22.2;11.4;11.3;
9/17/2015 1:31:25 PM;99;22.4;22.2;11.4;11.3;
9/17/2015 1:31:26 PM;100;22.4;22.2;11.4;11.3;
9/17/2015 1:31:27 PM;101;22.4;22.2;11.4;11.3;
9/17/2015 1:31:28 PM;102;22.4;22.2;11.4;11.3;
9/17/2015 1:31:29 PM;103;22.4;22.2;11.4;11.3;
9/17/2015 1:31:30 PM;104;22.3;22.2;11.4;11.3;
9/17/2015 1:31:31 PM;105;22.3;22.2;11.4;11.3;
9/17/2015 1:31:32 PM;106;22.3;22.2;11.4;11.3;
9/17/2015 1:31:33 PM;107;22.3;22.2;11.4;11.3;
9/17/2015 1:31:34 PM;108;22.3;22.2;11.4;11.3;
9/17/2015 1:31:35 PM;109;22.4;22.2;11.4;11.3;
9/17/2015 1:31:36 PM;110;22.4;22.2;11.4;11.3;
9/17/2015 1:31:37 PM;111;22.4;22.2;11.4;11.3;
9/17/2015 1:31:38 PM;112;22.4;22.2;11.4;11.3;
9/17/2015 1:31:39 PM;113;22.4;22.2;11.4;11.3;
9/17/2015 1:31:40 PM;114;22.4;22.2;11.4;11.3;
9/17/2015 1:31:41 PM;115;22.4;22.2;11.4;11.3;
9/17/2015 1:31:42 PM;116;22.4;22.2;11.4;11.3;
9/17/2015 1:31:43 PM;117;22.4;22.2;11.4;11.3;
9/17/2015 1:31:44 PM;118;22.4;22.2;11.4;11.3;
9/17/2015 1:31:45 PM;119;22.4;22.2;11.4;11.3;
9/17/2015 1:31:46 PM;120;22.4;22.2;11.4;11.3;
9/17/2015 1:31:47 PM;121;22.4;22.2;11.4;11.3;
9/17/2015 1:31:48 PM;122;22.4;22.2;11.4;11.3;
9/17/2015 1:31:49 PM;123;22.4;22.2;11.4;11.3;
9/17/2015 1:31:50 PM;124;22.4;22.2;11.4;11.3;
9/17/2015 1:31:51 PM;125;22.4;22.2;11.4;11.3;
9/17/2015 1:31:52 PM;126;22.3;22.2;11.4;11.3;
9/17/2015 1:31:53 PM;127;22.3;22.2;11.4;11.3;
9/17/2015 1:31:54 PM;128;22.3;22.2;11.4;11.3;
9/17/2015 1:31:55 PM;129;22.3;22.2;11.4;11.3;
9/17/2015 1:31:56 PM;130;22.3;22.2;11.4;11.3;
9/17/2015 1:31:57 PM;131;22.4;22.2;11.4;11.3;
9/17/2015 1:31:58 PM;132;22.4;22.2;11.4;11.3;
9/17/2015 1:31:59 PM;133;22.4;22.2;11.4;11.3;
9/17/2015 1:32:00 PM;134;22.4;22.2;11.4;11.3;
9/17/2015 1:32:01 PM;135;22.4;22.2;11.4;11.3;
9/17/2015 1:32:02 PM;136;22.4;22.2;11.4;11.3;
9/17/2015 1:32:03 PM;137;22.4;22.1;11.4;11.3;
9/17/2015 1:32:04 PM;138;22.4;22.1;11.4;11.3;
9/17/2015 1:32:05 PM;139;22.3;22.1;11.4;11.3;
9/17/2015 1:32:06 PM;140;22.3;22.1;11.4;11.3;
9/17/2015 1:32:07 PM;141;22.3;22.1;11.4;11.3;
9/17/2015 1:32:08 PM;142;22.3;22.1;11.4;11.3;
9/17/2015 1:32:09 PM;143;22.3;22.2;11.4;11.3;
9/17/2015 1:32:10 PM;144;22.4;22.2;11.4;11.3;
9/17/2015 1:32:11 PM;145;22.4;22.2;11.4;11.3;
9/17/2015 1:32:12 PM;146;22.4;22.2;11.4;11.3;
9/17/2015 1:32:13 PM;147;22.4;22.2;11.4;11.3;
9/17/2015 1:32:14 PM;148;22.4;22.2;11.4;11.3;
9/17/2015 1:32:15 PM;149;22.4;22.2;11.4;11.3;
9/17/2015 1:32:16 PM;150;22.4;22.2;11.4;11.3;
9/17/2015 1:32:17 PM;151;22.4;22.2;11.4;11.3;
9/17/2015 1:32:18 PM;152;22.4;22.1;11.4;11.3;
9/17/2015 1:32:19 PM;153;22.4;22.1;11.4;11.3;
9/17/2015 1:32:20 PM;154;22.4;22.1;11.4;11.3;
9/17/2015 1:32:21 PM;155;22.4;22.1;11.4;11.3;
9/17/2015 1:32:22 PM;156;22.4;22.1;11.4;11.3;
9/17/2015 1:32:23 PM;157;22.4;22.1;11.4;11.3;
9/17/2015 1:32:24 PM;158;22.4;22.1;11.4;11.3;
9/17/2015 1:32:25 PM;159;22.4;22.2;11.4;11.3;
9/17/2015 1:32:26 PM;160;22.4;22.1;11.4;11.3;
9/17/2015 1:32:27 PM;161;22.4;22.1;11.4;11.3;
9/17/2015 1:32:28 PM;162;22.4;22.1;11.4;11.3;
9/17/2015 1:32:29 PM;163;22.4;22.1;11.4;11.3;
9/17/2015 1:32:30 PM;164;22.4;22.1;11.4;11.3;
9/17/2015 1:32:31 PM;165;22.4;22.1;11.4;11.3;
9/17/2015 1:32:32 PM;166;22.4;22.1;11.4;11.3;
9/17/2015 1:32:33 PM;167;22.4;22.1;11.4;11.3;
9/17/2015 1:32:34 PM;168;22.4;22.1;11.4;11.3;
9/17/2015 1:32:35 PM;169;22.4;22.1;11.4;11.3;
9/17/2015 1:32:36 PM;170;22.4;22.2;11.4;11.3;
9/17/2015 1:32:37 PM;171;22.4;22.2;11.4;11.3;
9/17/2015 1:32:38 PM;172;22.4;22.2;11.4;11.3;
9/17/2015 1:32:39 PM;173;22.3;22.2;11.4;11.3;
9/17/2015 1:32:40 PM;174;22.3;22.2;11.4;11.3;
9/17/2015 1:32:41 PM;175;22.3;22.2;11.4;11.3;
9/17/2015 1:32:42 PM;176;22.3;22.2;11.4;11.3;
9/17/2015 1:32:43 PM;177;22.3;22.2;11.4;11.3;
9/17/2015 1:32:44 PM;178;22.4;22.2;11.4;11.3;
9/17/2015 1:32:45 PM;179;22.4;22.2;11.4;11.3;
9/17/2015 1:32:46 PM;180;22.4;22.2;11.4;11.3;
9/17/2015 1:32:47 PM;181;22.4;22.2;11.4;11.3;
9/17/2015 1:32:48 PM;182;22.4;22.2;11.4;11.3;
9/17/2015 1:32:49 PM;183;22.4;22.2;11.4;11.3;
9/17/2015 1:32:50 PM;184;22.4;22.2;11.4;11.3;
9/17/2015 1:32:51 PM;185;22.3;22.2;11.4;11.3;
9/17/2015 1:32:52 PM;186;22.3;22.2;11.4;11.3;
9/17/2015 1:32:53 PM;187;22.3;22.2;11.4;11.3;
9/17/2015 1:32:54 PM;188;22.3;22.2;11.4;11.3;
9/17/2015 1:32:55 PM;189;22.3;22.2;11.4;11.3;
9/17/2015 1:32:56 PM;190;22.4;22.1;11.4;11.3;
9/17/2015 1:32:57 PM;191;22.4;22.1;11.4;11.3;
9/17/2015 1:32:58 PM;192;22.4;22.1;11.4;11.3;
9/17/2015 1:32:59 PM;193;22.4;22.1;11.4;11.3;
9/17/2015 1:33:00 PM;194;22.4;22.1;11.4;11.3;
9/17/2015 1:33:01 PM;195;22.4;22.2;11.4;11.3;
9/17/2015 1:33:02 PM;196;22.4;22.2;11.4;11.3;
9/17/2015 1:33:03 PM;197;22.4;22.2;11.4;11.3;
9/17/2015 1:33:04 PM;198;22.4;22.2;11.4;11.3;
9/17/2015 1:33:05 PM;199;22.4;22.1;11.4;11.3;
9/17/2015 1:33:06 PM;200;22.4;22.1;11.4;11.3;
9/17/2015 1:33:07 PM;201;22.4;22.1;11.4;11.3;
9/17/2015 1:33:08 PM;202;22.4;22.1;11.4;11.3;
9/17/2015 1:33:09 PM;203;22.4;22.1;11.4;11.3;
9/17/2015 1:33:10 PM;204;22.4;22.1;11.4;11.3;
9/17/2015 1:33:11 PM;205;22.4;22.2;11.4;11.3;
9/17/2015 1:33:12 PM;206;22.4;22.2;11.4;11.3;
9/17/2015 1:33:13 PM;207;22.4;22.1;11.4;11.3;
9/17/2015 1:33:14 PM;208;22.4;22.1;11.4;11.3;
9/17/2015 1:33:15 PM;209;22.4;22.1;11.4;11.3;
9/17/2015 1:33:16 PM;210;22.4;22.1;11.4;11.3;
9/17/2015 1:33:17 PM;211;22.4;22.1;11.4;11.3;
9/17/2015 1:33:18 PM;212;22.4;22.2;11.4;11.3;
9/17/2015 1:33:19 PM;213;22.4;22.2;11.4;11.3;
9/17/2015 1:33:20 PM;214;22.4;22.1;11.4;11.3;
9/17/2015 1:33:21 PM;215;22.4;22.1;11.4;11.3;
9/17/2015 1:33:22 PM;216;22.4;22.1;11.4;11.3;
9/17/2015 1:33:23 PM;217;22.4;22.1;11.4;11.3;
9/17/2015 1:33:24 PM;218;22.4;22.1;11.4;11.3;
9/17/2015 1:33:25 PM;219;22.4;22.1;11.4;11.3;
9/17/2015 1:33:26 PM;220;22.4;22.1;11.4;11.3;
9/17/2015 1:33:27 PM;221;22.4;22.2;11.4;11.3;
9/17/2015 1:33:28 PM;222;22.4;22.1;11.4;11.3;
9/17/2015 1:33:29 PM;223;22.3;22.1;11.4;11.3;
9/17/2015 1:33:30 PM;224;22.3;22.1;11.4;11.3;
9/17/2015 1:33:31 PM;225;22.3;22.1;11.4;11.3;
9/17/2015 1:33:32 PM;226;22.3;22.1;11.4;11.3;
9/17/2015 1:33:33 PM;227;22.3;22.1;11.4;11.3;
9/17/2015 1:33:34 PM;228;22.4;22.1;11.4;11.3;
9/17/2015 1:33:35 PM;229;22.4;22.1;11.4;11.3;
9/17/2015 1:33:36 PM;230;22.3;22.1;11.4;11.3;
9/17/2015 1:33:37 PM;231;22.3;22.1;11.4;11.3;
9/17/2015 1:33:38 PM;232;22.3;22.2;11.4;11.3;
9/17/2015 1:33:39 PM;233;22.3;22.2;11.4;11.3;
9/17/2015 1:33:40 PM;234;22.3;22.2;11.4;11.3;
9/17/2015 1:33:41 PM;235;22.3;22.2;11.4;11.3;
9/17/2015 1:33:42 PM;236;22.3;22.2;11.4;11.3;
9/17/2015 1:33:43 PM;237;22.3;22.2;11.4;11.3;
9/17/2015 1:33:44 PM;238;22.3;22.2;11.4;11.3;
9/17/2015 1:33:45 PM;239;22.3;22.2;11.4;11.3;
9/17/2015 1:33:46 PM;240;22.3;22.2;11.4;11.3;
9/17/2015 1:33:47 PM;241;22.4;22.2;11.4;11.3;
9/17/2015 1:33:48 PM;242;22.4;22.1;11.4;11.3;
9/17/2015 1:33:49 PM;243;22.4;22.1;11.4;11.3;
9/17/2015 1:33:50 PM;244;22.4;22.1;11.4;11.3;
9/17/2015 1:33:51 PM;245;22.4;22.1;11.4;11.3;
9/17/2015 1:33:52 PM;246;22.4;22.1;11.4;11.3;
9/17/2015 1:33:53 PM;247;22.3;22.1;11.4;11.3;
9/17/2015 1:33:54 PM;248;22.3;22.2;11.4;11.3;
9/17/2015 1:33:55 PM;249;22.3;22.1;11.4;11.3;
9/17/2015 1:33:56 PM;250;22.3;22.1;11.4;11.3;
9/17/2015 1:33:57 PM;251;22.3;22.1;11.4;11.3;
9/17/2015 1:33:58 PM;252;22.4;22.1;11.4;11.3;
9/17/2015 1:33:59 PM;253;22.4;22.1;11.4;11.3;
9/17/2015 1:34:00 PM;254;22.4;22.1;11.4;11.3;
9/17/2015 1:34:01 PM;255;22.4;22.1;11.4;11.3;
9/17/2015 1:34:02 PM;256;22.3;22.1;11.4;11.3;
9/17/2015 1:34:03 PM;257;22.3;22.1;11.4;11.3;
9/17/2015 1:34:04 PM;258;22.3;22.1;11.4;11.3;
9/17/2015 1:34:05 PM;259;22.3;22.1;11.4;11.3;
9/17/2015 1:34:06 PM;260;22.3;22.1;11.4;11.3;
9/17/2015 1:34:07 PM;261;22.3;22.1;11.4;11.3;
9/17/2015 1:34:08 PM;262;22.3;22.1;11.4;11.3;
9/17/2015 1:34:09 PM;263;22.4;22.1;11.4;11.3;
9/17/2015 1:34:10 PM;264;22.4;22.1;11.4;11.3;
9/17/2015 1:34:11 PM;265;22.4;22.1;11.4;11.3;
9/17/2015 1:34:12 PM;266;22.4;22.1;11.4;11.3;
9/17/2015 1:34:13 PM;267;22.4;22.1;11.4;11.3;
9/17/2015 1:34:14 PM;268;22.4;22.1;11.4;11.3;
9/17/2015 1:34:15 PM;269;22.4;22.1;11.4;11.3;
9/17/2015 1:34:16 PM;270;22.4;22.1;11.4;11.3;
9/17/2015 1:34:17 PM;271;22.4;22.1;11.4;11.3;
9/17/2015 1:34:18 PM;272;22.3;22.1;11.4;11.3;
9/17/2015 1:34:19 PM;273;22.3;22.1;11.4;11.3;
9/17/2015 1:34:20 PM;274;22.3;22.1;11.4;11.3;
9/17/2015 1:34:21 PM;275;22.3;22.1;11.4;11.3;
9/17/2015 1:34:22 PM;276;22.3;22.1;11.4;11.3;
9/17/2015 1:34:23 PM;277;22.4;22.1;11.4;11.3;
9/17/2015 1:34:24 PM;278;22.4;22.1;11.4;11.3;
9/17/2015 1:34:25 PM;279;22.4;22.1;11.4;11.3;
9/17/2015 1:34:26 PM;280;22.4;22.1;11.4;11.3;
9/17/2015 1:34:27 PM;281;22.4;22.1;11.4;11.3;
9/17/2015 1:34:28 PM;282;22.4;22.1;11.4;11.3;
9/17/2015 1:34:29 PM;283;22.4;22.1;11.4;11.3;
9/17/2015 1:34:30 PM;284;22.3;22.1;11.4;11.3;
9/17/2015 1:34:31 PM;285;22.3;22.1;11.4;11.3;
9/17/2015 1:34:32 PM;286;22.3;22.1;11.4;11.3;
9/17/2015 1:34:33 PM;287;22.3;22.1;11.4;11.3;
9/17/2015 1:34:34 PM;288;22.3;22.1;11.4;11.3;
9/17/2015 1:34:35 PM;289;22.3;22.1;11.4;11.3;
9/17/2015 1:34:36 PM;290;22.2;22.1;11.4;11.3;
9/17/2015 1:34:37 PM;291;22.2;22.1;11.4;11.3;
9/17/2015 1:34:38 PM;292;22.2;22.1;11.4;11.3;
9/17/2015 1:34:39 PM;293;22.2;22.1;11.4;11.3;
9/17/2015 1:34:40 PM;294;22.2;22.1;11.4;11.3;
9/17/2015 1:34:41 PM;295;22.2;22.1;11.4;11.3;
9/17/2015 1:34:42 PM;296;22.3;22.1;11.4;11.3;
9/17/2015 1:34:43 PM;297;22.3;22.1;11.4;11.3;
9/17/2015 1:34:44 PM;298;22.3;22.1;11.4;11.3;
9/17/2015 1:34:45 PM;299;22.2;22.1;11.4;11.3;
9/17/2015 1:34:46 PM;300;22.2;22.1;11.4;11.3;
9/17/2015 1:34:47 PM;301;22.2;22.1;11.4;11.3;
9/17/2015 1:34:48 PM;302;22.3;22.1;11.4;11.3;
9/17/2015 1:34:49 PM;303;22.3;22.1;11.4;11.3;
9/17/2015 1:34:50 PM;304;22.3;22.1;11.4;11.3;
9/17/2015 1:34:51 PM;305;22.3;22.1;11.4;11.3;
9/17/2015 1:34:52 PM;306;22.3;22.1;11.4;11.3;
9/17/2015 1:34:53 PM;307;22.3;22.2;11.4;11.3;
9/17/2015 1:34:54 PM;308;22.3;22.2;11.4;11.3;
9/17/2015 1:34:55 PM;309;22.3;22.1;11.4;11.3;
9/17/2015 1:34:56 PM;310;22.3;22.1;11.4;11.3;
9/17/2015 1:34:57 PM;311;22.3;22.1;11.4;11.3;
9/17/2015 1:34:58 PM;312;22.2;22.1;11.4;11.3;
9/17/2015 1:34:59 PM;313;22.2;22.1;11.4;11.3;
9/17/2015 1:35:00 PM;314;22.2;22.1;11.4;11.3;
9/17/2015 1:35:01 PM;315;22.2;22.1;11.4;11.3;
9/17/2015 1:35:02 PM;316;22.2;22.1;11.4;11.3;
9/17/2015 1:35:03 PM;317;22.2;22.1;11.4;11.3;
9/17/2015 1:35:04 PM;318;22.3;22.1;11.4;11.3;
9/17/2015 1:35:05 PM;319;22.3;22.1;11.4;11.3;
9/17/2015 1:35:06 PM;320;22.3;22.1;11.4;11.3;
9/17/2015 1:35:07 PM;321;22.4;22.1;11.4;11.3;
9/17/2015 1:35:08 PM;322;22.3;22.1;11.4;11.3;
9/17/2015 1:35:09 PM;323;22.3;22.1;11.4;11.3;
9/17/2015 1:35:10 PM;324;22.3;22.1;11.4;11.3;
9/17/2015 1:35:11 PM;325;22.2;22.1;11.4;11.3;
9/17/2015 1:35:12 PM;326;22.2;22.1;11.4;11.3;
9/17/2015 1:35:13 PM;327;22.2;22.1;11.4;11.3;
9/17/2015 1:35:14 PM;328;22.2;22.1;11.4;11.3;
9/17/2015 1:35:15 PM;329;22.2;22.1;11.4;11.3;
9/17/2015 1:35:16 PM;330;22.2;22.1;11.4;11.3;
9/17/2015 1:35:17 PM;331;22.2;22.1;11.4;11.3;
9/17/2015 1:35:18 PM;332;22.2;22.1;11.4;11.3;
9/17/2015 1:35:19 PM;333;22.1;22.1;11.4;11.3;
9/17/2015 1:35:20 PM;334;22.1;22.1;11.4;11.3;
9/17/2015 1:35:21 PM;335;22.1;22.1;11.4;11.3;
9/17/2015 1:35:22 PM;336;22.2;22.1;11.4;11.3;
9/17/2015 1:35:23 PM;337;22.2;22.1;11.4;11.3;
9/17/2015 1:35:24 PM;338;22.2;22.1;11.4;11.3;
9/17/2015 1:35:25 PM;339;22.2;22.1;11.4;11.3;
9/17/2015 1:35:26 PM;340;22.3;22.1;11.4;11.3;
9/17/2015 1:35:27 PM;341;22.3;22.1;11.4;11.3;
9/17/2015 1:35:28 PM;342;22.3;22.1;11.4;11.3;
9/17/2015 1:35:29 PM;343;22.3;22.1;11.4;11.3;
9/17/2015 1:35:30 PM;344;22.2;22.1;11.4;11.3;
9/17/2015 1:35:31 PM;345;22.2;22.1;11.4;11.3;
9/17/2015 1:35:32 PM;346;22.2;22.1;11.4;11.3;
9/17/2015 1:35:33 PM;347;22.2;22.1;11.4;11.3;
9/17/2015 1:35:34 PM;348;22.2;22.1;11.4;11.3;
9/17/2015 1:35:35 PM;349;22.2;22.1;11.4;11.3;
9/17/2015 1:35:36 PM;350;22.2;22.1;11.4;11.3;
9/17/2015 1:35:37 PM;351;22.2;22.1;11.4;11.3;
9/17/2015 1:35:38 PM;352;22.2;22.1;11.4;11.3;
9/17/2015 1:35:39 PM;353;22.2;22.1;11.4;11.3;
9/17/2015 1:35:40 PM;354;22.2;22.1;11.4;11.3;
9/17/2015 1:35:41 PM;355;22.2;22.1;11.4;11.3;
9/17/2015 1:35:42 PM;356;22.2;22.1;11.4;11.3;
9/17/2015 1:35:43 PM;357;22.2;22.1;11.4;11.3;
9/17/2015 1:35:44 PM;358;22.2;22.1;11.4;11.3;
9/17/2015 1:35:45 PM;359;22.2;22.1;11.4;11.3;
9/17/2015 1:35:46 PM;360;22.2;22.1;11.4;11.3;
9/17/2015 1:35:47 PM;361;22.2;22.1;11.4;11.3;
9/17/2015 1:35:48 PM;362;22.2;22.1;11.4;11.3;
9/17/2015 1:35:49 PM;363;22.2;22.1;11.4;11.3;
9/17/2015 1:35:50 PM;364;22.2;22.1;11.4;11.3;
9/17/2015 1:35:51 PM;365;22.2;22.1;11.4;11.3;
9/17/2015 1:35:52 PM;366;22.2;22.1;11.4;11.3;
9/17/2015 1:35:53 PM;367;22.2;22.1;11.4;11.3;
9/17/2015 1:35:54 PM;368;22.2;22.1;11.4;11.3;
9/17/2015 1:35:55 PM;369;22.2;22.1;11.4;11.3;
9/17/2015 1:35:56 PM;370;22.2;22.1;11.4;11.3;
9/17/2015 1:35:57 PM;371;22.2;22.1;11.4;11.3;
9/17/2015 1:35:58 PM;372;22.2;22.1;11.4;11.3;
9/17/2015 1:35:59 PM;373;22.2;22.1;11.4;11.3;
9/17/2015 1:36:00 PM;374;22.2;22.1;11.4;11.3;
9/17/2015 1:36:01 PM;375;22.2;22.1;11.4;11.3;
9/17/2015 1:36:02 PM;376;22.3;22.1;11.4;11.3;
9/17/2015 1:36:03 PM;377;22.3;22.1;11.4;11.3;
9/17/2015 1:36:04 PM;378;22.3;22.1;11.4;11.3;
9/17/2015 1:36:05 PM;379;22.3;22.1;11.4;11.3;
9/17/2015 1:36:06 PM;380;22.5;22.2;11.4;11.3;
9/17/2015 1:36:07 PM;381;22.6;22.3;11.4;11.3;
9/17/2015 1:36:08 PM;382;22.8;22.4;11.4;11.3;
9/17/2015 1:36:09 PM;383;23.2;22.6;11.4;11.3;
9/17/2015 1:36:10 PM;384;23.7;22.9;11.4;11.3;
9/17/2015 1:36:11 PM;385;24.3;23.4;11.4;11.3;
9/17/2015 1:36:12 PM;386;25.2;24.0;11.4;11.3;
9/17/2015 1:36:13 PM;387;26.2;24.8;11.4;11.3;
9/17/2015 1:36:14 PM;388;27.4;25.7;11.4;11.3;
9/17/2015 1:36:15 PM;389;28.8;26.9;11.4;11.3;
9/17/2015 1:36:16 PM;390;30.5;28.3;11.4;11.3;
9/17/2015 1:36:17 PM;391;32.4;29.7;11.4;11.3;
9/17/2015 1:36:18 PM;392;34.3;31.4;11.4;11.3;
9/17/2015 1:36:19 PM;393;36.3;33.2;11.4;11.3;
9/17/2015 1:36:20 PM;394;38.6;35.1;11.4;11.3;
9/17/2015 1:36:21 PM;395;41.0;37.2;11.4;11.3;
9/17/2015 1:36:22 PM;396;43.3;39.4;11.4;11.3;
9/17/2015 1:36:23 PM;397;45.5;41.6;11.4;11.3;
9/17/2015 1:36:24 PM;398;47.9;43.9;11.4;11.3;
9/17/2015 1:36:25 PM;399;50.2;46.1;11.4;11.3;
9/17/2015 1:36:26 PM;400;52.2;48.2;11.4;11.3;
9/17/2015 1:36:27 PM;401;54.4;50.2;11.4;11.3;
9/17/2015 1:36:28 PM;402;56.4;52.3;11.4;11.3;
9/17/2015 1:36:29 PM;403;58.4;54.3;11.4;11.3;
9/17/2015 1:36:30 PM;404;60.2;56.2;11.4;11.3;
9/17/2015 1:36:31 PM;405;62.2;58.2;11.4;11.3;
9/17/2015 1:36:32 PM;406;63.9;60.1;11.4;11.3;
9/17/2015 1:36:33 PM;407;65.5;61.8;11.4;11.3;
9/17/2015 1:36:34 PM;408;67.0;63.4;11.4;11.3;
9/17/2015 1:36:35 PM;409;68.3;65.0;11.4;11.3;
9/17/2015 1:36:36 PM;410;69.5;66.3;11.4;11.3;
9/17/2015 1:36:37 PM;411;70.5;67.5;11.4;11.3;
9/17/2015 1:36:38 PM;412;71.2;68.6;11.4;11.3;
9/17/2015 1:36:39 PM;413;71.6;69.3;11.4;11.3;
9/17/2015 1:36:40 PM;414;71.8;69.9;11.4;11.3;
9/17/2015 1:36:41 PM;415;71.6;70.1;11.4;11.3;
9/17/2015 1:36:42 PM;416;71.3;70.1;11.4;11.3;
9/17/2015 1:36:43 PM;417;70.8;69.9;11.4;11.3;
9/17/2015 1:36:44 PM;418;70.2;69.6;11.4;11.3;
9/17/2015 1:36:45 PM;419;69.5;69.2;11.4;11.3;
9/17/2015 1:36:46 PM;420;68.7;68.6;11.4;11.3;
9/17/2015 1:36:47 PM;421;67.8;67.9;11.4;11.3;
9/17/2015 1:36:48 PM;422;66.8;67.0;11.4;11.3;
9/17/2015 1:36:49 PM;423;65.6;66.1;11.4;11.3;
9/17/2015 1:36:50 PM;424;64.4;65.2;11.4;11.3;
9/17/2015 1:36:51 PM;425;63.0;64.1;11.4;11.3;
9/17/2015 1:36:52 PM;426;61.6;62.9;11.4;11.3;
9/17/2015 1:36:53 PM;427;60.2;61.7;11.4;11.3;
9/17/2015 1:36:54 PM;428;58.7;60.4;11.4;11.3;
9/17/2015 1:36:55 PM;429;57.3;59.0;11.4;11.3;
9/17/2015 1:36:56 PM;430;56.0;57.6;11.4;11.3;
9/17/2015 1:36:57 PM;431;54.7;56.4;11.4;11.3;
9/17/2015 1:36:58 PM;432;53.4;55.2;11.4;11.3;
9/17/2015 1:36:59 PM;433;52.2;54.0;11.4;11.3;
9/17/2015 1:37:00 PM;434;50.9;52.9;11.4;11.3;
9/17/2015 1:37:01 PM;435;49.7;51.8;11.4;11.3;
9/17/2015 1:37:02 PM;436;48.6;50.6;11.4;11.3;
9/17/2015 1:37:03 PM;437;47.5;49.5;11.4;11.3;
9/17/2015 1:37:04 PM;438;46.4;48.3;11.4;11.3;
9/17/2015 1:37:05 PM;439;45.5;47.2;11.4;11.3;
9/17/2015 1:37:06 PM;440;44.4;46.1;11.4;11.3;
9/17/2015 1:37:07 PM;441;43.4;45.1;11.4;11.3;
9/17/2015 1:37:08 PM;442;42.5;44.0;11.4;11.3;
9/17/2015 1:37:09 PM;443;41.6;43.2;11.4;11.3;
9/17/2015 1:37:10 PM;444;40.9;42.4;11.4;11.3;
9/17/2015 1:37:11 PM;445;40.3;41.6;11.4;11.3;
9/17/2015 1:37:12 PM;446;39.6;40.9;11.4;11.3;
9/17/2015 1:37:13 PM;447;38.9;40.3;11.4;11.3;
9/17/2015 1:37:14 PM;448;38.2;39.6;11.4;11.3;
9/17/2015 1:37:15 PM;449;37.5;38.9;11.4;11.3;
9/17/2015 1:37:16 PM;450;36.8;38.2;11.4;11.3;
9/17/2015 1:37:17 PM;451;36.2;37.6;11.4;11.3;
9/17/2015 1:37:18 PM;452;35.6;36.9;11.4;11.3;
9/17/2015 1:37:19 PM;453;35.0;36.2;11.4;11.3;
9/17/2015 1:37:20 PM;454;34.4;35.5;11.4;11.3;
9/17/2015 1:37:21 PM;455;33.8;34.9;11.4;11.3;
9/17/2015 1:37:22 PM;456;33.4;34.3;11.4;11.3;
9/17/2015 1:37:23 PM;457;33.0;33.8;11.4;11.3;
9/17/2015 1:37:24 PM;458;32.6;33.4;11.4;11.3;
9/17/2015 1:37:25 PM;459;32.2;32.9;11.4;11.3;
9/17/2015 1:37:26 PM;460;31.8;32.5;11.4;11.3;
9/17/2015 1:37:27 PM;461;31.5;32.2;11.4;11.3;
9/17/2015 1:37:28 PM;462;31.1;31.8;11.4;11.3;
9/17/2015 1:37:29 PM;463;30.7;31.4;11.4;11.3;
9/17/2015 1:37:30 PM;464;30.3;31.1;11.4;11.3;
9/17/2015 1:37:31 PM;465;30.0;30.7;11.4;11.3;
9/17/2015 1:37:32 PM;466;29.6;30.3;11.4;11.3;
9/17/2015 1:37:33 PM;467;29.3;30.0;11.4;11.3;
9/17/2015 1:37:34 PM;468;29.0;29.6;11.4;11.3;
9/17/2015 1:37:35 PM;469;28.7;29.2;11.4;11.3;
9/17/2015 1:37:36 PM;470;28.5;28.9;11.4;11.3;
9/17/2015 1:37:37 PM;471;28.2;28.6;11.4;11.3;
9/17/2015 1:37:38 PM;472;27.9;28.3;11.4;11.3;
9/17/2015 1:37:39 PM;473;27.7;28.1;11.4;11.3;
9/17/2015 1:37:40 PM;474;27.4;27.9;11.4;11.3;
9/17/2015 1:37:41 PM;475;27.2;27.7;11.4;11.3;
9/17/2015 1:37:42 PM;476;27.0;27.5;11.4;11.3;
9/17/2015 1:37:43 PM;477;26.9;27.2;11.4;11.3;
9/17/2015 1:37:44 PM;478;26.7;27.0;11.4;11.3;
9/17/2015 1:37:45 PM;479;26.6;26.8;11.4;11.3;
9/17/2015 1:37:46 PM;480;26.4;26.7;11.4;11.3;
9/17/2015 1:37:47 PM;481;26.2;26.5;11.4;11.3;
9/17/2015 1:37:48 PM;482;26.1;26.3;11.4;11.3;
9/17/2015 1:37:49 PM;483;25.9;26.2;11.4;11.3;
9/17/2015 1:37:50 PM;484;25.8;26.0;11.4;11.3;
9/17/2015 1:37:51 PM;485;25.6;25.8;11.4;11.3;
9/17/2015 1:37:52 PM;486;25.5;25.7;11.4;11.3;
9/17/2015 1:37:53 PM;487;25.4;25.6;11.4;11.3;
9/17/2015 1:37:54 PM;488;25.3;25.5;11.4;11.3;
9/17/2015 1:37:55 PM;489;25.1;25.3;11.4;11.3;
9/17/2015 1:37:56 PM;490;25.0;25.2;11.4;11.3;
9/17/2015 1:37:57 PM;491;24.9;25.1;11.4;11.3;
9/17/2015 1:37:58 PM;492;24.8;24.9;11.4;11.3;
9/17/2015 1:37:59 PM;493;24.7;24.8;11.4;11.3;
9/17/2015 1:38:00 PM;494;24.6;24.7;11.4;11.3;
9/17/2015 1:38:01 PM;495;24.5;24.6;11.4;11.3;
9/17/2015 1:38:02 PM;496;24.4;24.5;11.4;11.3;
9/17/2015 1:38:03 PM;497;24.3;24.4;11.4;11.3;
9/17/2015 1:38:04 PM;498;24.2;24.3;11.4;11.3;
9/17/2015 1:38:05 PM;499;24.1;24.2;11.4;11.3;
9/17/2015 1:38:06 PM;500;24.0;24.1;11.4;11.3;
9/17/2015 1:38:07 PM;501;24.0;24.1;11.4;11.3;
9/17/2015 1:38:08 PM;502;23.9;24.0;11.4;11.3;
9/17/2015 1:38:09 PM;503;23.8;23.9;11.4;11.3;
9/17/2015 1:38:10 PM;504;23.7;23.8;11.4;11.3;
9/17/2015 1:38:11 PM;505;23.7;23.7;11.4;11.3;
9/17/2015 1:38:12 PM;506;23.6;23.7;11.4;11.3;
9/17/2015 1:38:13 PM;507;23.6;23.6;11.4;11.3;
9/17/2015 1:38:14 PM;508;23.5;23.5;11.4;11.3;
9/17/2015 1:38:15 PM;509;23.5;23.5;11.4;11.3;
9/17/2015 1:38:16 PM;510;23.5;23.4;11.4;11.3;
9/17/2015 1:38:17 PM;511;23.4;23.4;11.4;11.3;
9/17/2015 1:38:18 PM;512;23.4;23.3;11.4;11.3;
9/17/2015 1:38:19 PM;513;23.3;23.3;11.4;11.3;
9/17/2015 1:38:20 PM;514;23.3;23.2;11.4;11.3;
9/17/2015 1:38:21 PM;515;23.2;23.2;11.4;11.3;
9/17/2015 1:38:22 PM;516;23.2;23.1;11.4;11.3;
9/17/2015 1:38:23 PM;517;23.2;23.1;11.4;11.3;
9/17/2015 1:38:24 PM;518;23.1;23.1;11.4;11.3;
9/17/2015 1:38:25 PM;519;23.1;23.1;11.4;11.3;
9/17/2015 1:38:26 PM;520;23.1;23.0;11.4;11.3;
9/17/2015 1:38:27 PM;521;23.0;23.0;11.4;11.3;
9/17/2015 1:38:28 PM;522;23.0;23.0;11.4;11.3;
9/17/2015 1:38:29 PM;523;23.0;23.0;11.4;11.3;
9/17/2015 1:38:30 PM;524;22.9;22.9;11.4;11.3;
9/17/2015 1:38:31 PM;525;22.9;22.9;11.4;11.3;
9/17/2015 1:38:32 PM;526;22.9;22.8;11.4;11.3;
9/17/2015 1:38:33 PM;527;22.8;22.8;11.4;11.3;
9/17/2015 1:38:34 PM;528;22.8;22.7;11.4;11.3;
9/17/2015 1:38:35 PM;529;22.8;22.7;11.4;11.3;
9/17/2015 1:38:36 PM;530;22.8;22.7;11.4;11.3;
9/17/2015 1:38:37 PM;531;22.8;22.7;11.4;11.3;
9/17/2015 1:38:38 PM;532;22.8;22.7;11.4;11.3;
9/17/2015 1:38:39 PM;533;22.8;22.7;11.4;11.3;
9/17/2015 1:38:40 PM;534;22.7;22.7;11.4;11.3;
9/17/2015 1:38:41 PM;535;22.7;22.6;11.4;11.3;
9/17/2015 1:38:42 PM;536;22.7;22.6;11.4;11.3;
9/17/2015 1:38:43 PM;537;22.6;22.6;11.4;11.3;
9/17/2015 1:38:44 PM;538;22.6;22.6;11.4;11.3;
9/17/2015 1:38:45 PM;539;22.6;22.6;11.4;11.3;
9/17/2015 1:38:46 PM;540;22.5;22.6;11.4;11.3;
9/17/2015 1:38:47 PM;541;22.5;22.6;11.4;11.3;
9/17/2015 1:38:48 PM;542;22.5;22.6;11.4;11.3;
9/17/2015 1:38:49 PM;543;22.5;22.5;11.4;11.3;
9/17/2015 1:38:50 PM;544;22.5;22.5;11.4;11.3;
9/17/2015 1:38:51 PM;545;22.5;22.5;11.4;11.3;
9/17/2015 1:38:52 PM;546;22.5;22.4;11.4;11.3;
9/17/2015 1:38:53 PM;547;22.5;22.4;11.4;11.3;
9/17/2015 1:38:54 PM;548;22.5;22.4;11.4;11.3;
9/17/2015 1:38:55 PM;549;22.5;22.4;11.4;11.3;
9/17/2015 1:38:56 PM;550;22.5;22.4;11.4;11.3;
9/17/2015 1:38:57 PM;551;22.5;22.4;11.4;11.3;
9/17/2015 1:38:58 PM;552;22.5;22.4;11.4;11.3;
9/17/2015 1:38:59 PM;553;22.5;22.4;11.4;11.3;
9/17/2015 1:39:00 PM;554;22.5;22.4;11.4;11.3;
9/17/2015 1:39:01 PM;555;22.5;22.4;11.4;11.3;
9/17/2015 1:39:02 PM;556;22.5;22.4;11.4;11.3;
9/17/2015 1:39:03 PM;557;22.5;22.3;11.4;11.3;
9/17/2015 1:39:04 PM;558;22.5;22.3;11.4;11.3;
9/17/2015 1:39:05 PM;559;22.4;22.3;11.4;11.3;
9/17/2015 1:39:06 PM;560;22.4;22.3;11.4;11.3;
9/17/2015 1:39:07 PM;561;22.4;22.3;11.4;11.3;
9/17/2015 1:39:08 PM;562;22.4;22.3;11.4;11.3;
9/17/2015 1:39:09 PM;563;22.4;22.3;11.4;11.3;
9/17/2015 1:39:10 PM;564;22.4;22.3;11.4;11.3;
9/17/2015 1:39:11 PM;565;22.4;22.3;11.4;11.3;
9/17/2015 1:39:12 PM;566;22.4;22.3;11.4;11.3;
9/17/2015 1:39:13 PM;567;22.4;22.3;11.4;11.3;
9/17/2015 1:39:14 PM;568;22.4;22.3;11.4;11.3;
9/17/2015 1:39:15 PM;569;22.4;22.3;11.4;11.3;
9/17/2015 1:39:16 PM;570;22.4;22.3;11.4;11.3;
9/17/2015 1:39:17 PM;571;22.4;22.3;11.4;11.3;
9/17/2015 1:39:18 PM;572;22.4;22.3;11.4;11.3;
9/17/2015 1:39:19 PM;573;22.4;22.3;11.4;11.3;
9/17/2015 1:39:20 PM;574;22.4;22.3;11.4;11.3;
9/17/2015 1:39:21 PM;575;22.3;22.3;11.4;11.3;
9/17/2015 1:39:22 PM;576;22.3;22.2;11.4;11.3;
9/17/2015 1:39:23 PM;577;22.3;22.2;11.4;11.3;
9/17/2015 1:39:24 PM;578;22.3;22.2;11.4;11.3;
9/17/2015 1:39:25 PM;579;22.3;22.2;11.4;11.3;
9/17/2015 1:39:26 PM;580;22.4;22.2;11.4;11.3;
9/17/2015 1:39:27 PM;581;22.4;22.2;11.4;11.3;
9/17/2015 1:39:28 PM;582;22.4;22.2;11.4;11.3;
9/17/2015 1:39:29 PM;583;22.4;22.2;11.4;11.3;
9/17/2015 1:39:30 PM;584;22.4;22.2;11.4;11.3;
9/17/2015 1:39:31 PM;585;22.4;22.2;11.4;11.3;
9/17/2015 1:39:32 PM;586;22.4;22.2;11.4;11.3;
9/17/2015 1:39:33 PM;587;22.4;22.1;11.4;11.3;
9/17/2015 1:39:34 PM;588;22.4;22.1;11.4;11.3;
9/17/2015 1:39:35 PM;589;22.4;22.1;11.4;11.3;
9/17/2015 1:39:36 PM;590;22.4;22.1;11.4;11.3;
9/17/2015 1:39:37 PM;591;22.4;22.1;11.4;11.3;
9/17/2015 1:39:38 PM;592;22.4;22.1;11.4;11.3;
9/17/2015 1:39:39 PM;593;22.4;22.1;11.4;11.3;
9/17/2015 1:39:40 PM;594;22.4;22.1;11.4;11.3;
9/17/2015 1:39:41 PM;595;22.3;22.1;11.4;11.3;
9/17/2015 1:39:42 PM;596;22.3;22.1;11.4;11.3;
9/17/2015 1:39:43 PM;597;22.3;22.1;11.4;11.3;
9/17/2015 1:39:44 PM;598;22.3;22.1;11.4;11.3;
9/17/2015 1:39:45 PM;599;22.2;22.1;11.4;11.3;
9/17/2015 1:39:46 PM;600;22.2;22.1;11.4;11.3;
9/17/2015 1:39:47 PM;601;22.2;22.1;11.4;11.3;
9/17/2015 1:39:48 PM;602;22.2;22.1;11.4;11.3;
9/17/2015 1:39:49 PM;603;22.2;22.1;11.4;11.3;
9/17/2015 1:39:50 PM;604;22.2;22.1;11.4;11.3;
9/17/2015 1:39:51 PM;605;22.2;22.1;11.4;11.3;
9/17/2015 1:39:52 PM;606;22.2;22.1;11.4;11.3;
9/17/2015 1:39:53 PM;607;22.2;22.1;11.4;11.3;
9/17/2015 1:39:54 PM;608;22.2;22.1;11.4;11.3;
9/17/2015 1:39:55 PM;609;22.2;22.1;11.4;11.3;
9/17/2015 1:39:56 PM;610;22.2;22.1;11.4;11.3;
9/17/2015 1:39:57 PM;611;22.2;22.1;11.4;11.3;
9/17/2015 1:39:58 PM;612;22.2;22.1;11.4;11.3;
9/17/2015 1:39:59 PM;613;22.2;22.1;11.4;11.3;
9/17/2015 1:40:00 PM;614;22.2;22.1;11.4;11.3;
9/17/2015 1:40:01 PM;615;22.2;22.1;11.4;11.3;
9/17/2015 1:40:02 PM;616;22.2;22.1;11.4;11.3;
9/17/2015 1:40:03 PM;617;22.2;22.1;11.4;11.3;
9/17/2015 1:40:04 PM;618;22.2;22.1;11.4;11.3;
9/17/2015 1:40:05 PM;619;22.2;22.1;11.4;11.3;
9/17/2015 1:40:06 PM;620;22.2;22.1;11.4;11.3;
9/17/2015 1:40:07 PM;621;22.2;22.1;11.4;11.3;
9/17/2015 1:40:08 PM;622;22.2;22.1;11.4;11.3;
9/17/2015 1:40:09 PM;623;22.2;22.1;11.4;11.3;
9/17/2015 1:40:10 PM;624;22.2;22.1;11.4;11.3;
9/17/2015 1:40:11 PM;625;22.2;22.1;11.4;11.3;
9/17/2015 1:40:12 PM;626;22.2;22.1;11.4;11.3;
9/17/2015 1:40:13 PM;627;22.2;22.1;11.4;11.3;
9/17/2015 1:40:14 PM;628;22.2;22.1;11.4;11.3;
9/17/2015 1:40:15 PM;629;22.2;22.1;11.4;11.3;
9/17/2015 1:40:16 PM;630;22.2;22.1;11.4;11.3;
9/17/2015 1:40:17 PM;631;22.2;22.1;11.4;11.3;
9/17/2015 1:40:18 PM;632;22.2;22.1;11.4;11.3;
9/17/2015 1:40:19 PM;633;22.2;22.1;11.4;11.3;
9/17/2015 1:40:20 PM;634;22.2;22.1;11.4;11.3;
9/17/2015 1:40:21 PM;635;22.2;22.1;11.4;11.3;
9/17/2015 1:40:22 PM;636;22.2;22.1;11.4;11.3;
9/17/2015 1:40:23 PM;637;22.2;22.1;11.4;11.3;
9/17/2015 1:40:24 PM;638;22.2;22.1;11.4;11.3;
9/17/2015 1:40:25 PM;639;22.2;22.1;11.4;11.3;
9/17/2015 1:40:26 PM;640;22.2;22.0;11.4;11.3;
9/17/2015 1:40:27 PM;641;22.2;22.0;11.4;11.3;
9/17/2015 1:40:28 PM;642;22.2;22.0;11.4;11.3;
9/17/2015 1:40:29 PM;643;22.2;22.0;11.4;11.3;
9/17/2015 1:40:30 PM;644;22.2;22.0;11.4;11.3;
9/17/2015 1:40:31 PM;645;22.2;22.1;11.4;11.3;
9/17/2015 1:40:32 PM;646;22.2;22.1;11.4;11.3;
9/17/2015 1:40:33 PM;647;22.2;22.1;11.4;11.3;
9/17/2015 1:40:34 PM;648;22.2;22.1;11.4;11.3;
9/17/2015 1:40:35 PM;649;22.2;22.1;11.4;11.3;
9/17/2015 1:40:36 PM;650;22.2;22.1;11.4;11.3;
9/17/2015 1:40:37 PM;651;22.2;22.1;11.4;11.3;
9/17/2015 1:40:38 PM;652;22.2;22.1;11.4;11.3;
9/17/2015 1:40:39 PM;653;22.2;22.1;11.4;11.3;
9/17/2015 1:40:40 PM;654;22.2;22.1;11.4;11.3;
9/17/2015 1:40:41 PM;655;22.2;22.1;11.4;11.3;
9/17/2015 1:40:42 PM;656;22.2;22.1;11.4;11.3;
9/17/2015 1:40:43 PM;657;22.2;22.1;11.4;11.3;
9/17/2015 1:40:44 PM;658;22.1;22.1;11.4;11.3;
9/17/2015 1:40:45 PM;659;22.1;22.1;11.4;11.3;
9/17/2015 1:40:46 PM;660;22.1;22.1;11.4;11.3;
9/17/2015 1:40:47 PM;661;22.1;22.1;11.4;11.3;
9/17/2015 1:40:48 PM;662;22.1;22.0;11.4;11.3;
9/17/2015 1:40:49 PM;663;22.2;22.0;11.4;11.3;
9/17/2015 1:40:50 PM;664;22.2;22.0;11.4;11.3;
9/17/2015 1:40:51 PM;665;22.2;22.0;11.4;11.3;
9/17/2015 1:40:52 PM;666;22.2;22.0;11.4;11.3;
9/17/2015 1:40:53 PM;667;22.2;22.0;11.4;11.3;
9/17/2015 1:40:54 PM;668;22.2;22.0;11.4;11.3;
9/17/2015 1:40:55 PM;669;22.2;22.0;11.4;11.3;
9/17/2015 1:40:56 PM;670;22.2;22.0;11.4;11.3;
9/17/2015 1:40:57 PM;671;22.2;22.0;11.4;11.3;
9/17/2015 1:40:58 PM;672;22.2;22.0;11.4;11.3;
9/17/2015 1:40:59 PM;673;22.2;22.0;11.4;11.3;
9/17/2015 1:41:00 PM;674;22.2;22.0;11.4;11.3;
9/17/2015 1:41:01 PM;675;22.1;22.0;11.4;11.3;
9/17/2015 1:41:02 PM;676;22.1;22.0;11.4;11.3;
9/17/2015 1:41:03 PM;677;22.1;22.0;11.4;11.3;
9/17/2015 1:41:04 PM;678;22.1;22.0;11.4;11.3;
9/17/2015 1:41:05 PM;679;22.1;22.0;11.4;11.3;
9/17/2015 1:41:06 PM;680;22.2;22.0;11.4;11.3;
9/17/2015 1:41:07 PM;681;22.2;22.0;11.4;11.3;
9/17/2015 1:41:08 PM;682;22.2;22.0;11.4;11.3;
9/17/2015 1:41:09 PM;683;22.2;22.0;11.4;11.3;
9/17/2015 1:41:10 PM;684;22.2;22.0;11.4;11.3;
9/17/2015 1:41:11 PM;685;;22.0;;11.3;
