Meas Point;Vol.;Conc.;Cond. K;Temp. K;Cond. L;Temp. L;
;ml;mg/l;µS/cm;°C;µS/cm;°C;
0;500.0;0.00;177.2;0.9;176.7;0.9;
1;500.5;5.00;187.4;1.0;187.1;1.0;
2;501.0;9.98;197.6;1.0;197.1;1.0;
3;501.5;14.96;207.2;1.0;206.6;1.0;
4;502.0;19.92;217.5;1.0;217.1;1.0;
5;502.5;24.88;228.0;1.0;227.6;1.0;
6;503.0;29.82;238.2;1.0;237.8;1.0;

Date/Time;Meas Point;Cond. K;Cond. L;Temp. K;Temp. L;
2/15/2016 11:01:50 AM;0;182.0;179.6;1.2;1.2;
2/15/2016 11:01:51 AM;1;182.0;179.6;1.2;1.2;
2/15/2016 11:01:52 AM;2;182.0;179.6;1.2;1.2;
2/15/2016 11:01:53 AM;3;182.0;179.6;1.2;1.2;
2/15/2016 11:01:54 AM;4;182.0;179.6;1.2;1.2;
2/15/2016 11:01:55 AM;5;182.0;179.6;1.2;1.2;
2/15/2016 11:01:56 AM;6;182.0;179.6;1.2;1.2;
2/15/2016 11:01:57 AM;7;182.0;179.7;1.2;1.2;
2/15/2016 11:01:58 AM;8;182.1;179.7;1.2;1.2;
2/15/2016 11:01:59 AM;9;182.1;179.7;1.2;1.2;
2/15/2016 11:02:00 AM;10;182.1;179.8;1.2;1.2;
2/15/2016 11:02:01 AM;11;182.1;179.8;1.2;1.2;
2/15/2016 11:02:02 AM;12;182.1;179.8;1.2;1.2;
2/15/2016 11:02:03 AM;13;182.1;179.8;1.2;1.2;
2/15/2016 11:02:04 AM;14;182.1;179.8;1.2;1.2;
2/15/2016 11:02:05 AM;15;182.1;179.8;1.2;1.2;
2/15/2016 11:02:06 AM;16;182.1;179.9;1.2;1.2;
2/15/2016 11:02:07 AM;17;182.1;179.9;1.2;1.2;
2/15/2016 11:02:08 AM;18;182.1;179.9;1.2;1.2;
2/15/2016 11:02:09 AM;19;182.1;179.9;1.2;1.2;
2/15/2016 11:02:10 AM;20;182.1;180.0;1.2;1.2;
2/15/2016 11:02:11 AM;21;182.1;179.9;1.2;1.2;
2/15/2016 11:02:12 AM;22;182.1;179.9;1.2;1.2;
2/15/2016 11:02:13 AM;23;182.1;179.9;1.2;1.2;
2/15/2016 11:02:14 AM;24;182.1;179.9;1.2;1.2;
2/15/2016 11:02:15 AM;25;182.1;179.9;1.2;1.2;
2/15/2016 11:02:16 AM;26;182.1;180.0;1.2;1.2;
2/15/2016 11:02:17 AM;27;182.2;180.0;1.2;1.2;
2/15/2016 11:02:18 AM;28;182.2;180.0;1.2;1.2;
2/15/2016 11:02:19 AM;29;182.2;180.0;1.2;1.2;
2/15/2016 11:02:20 AM;30;182.2;180.0;1.2;1.2;
2/15/2016 11:02:21 AM;31;182.2;180.1;1.2;1.2;
2/15/2016 11:02:22 AM;32;182.2;180.1;1.2;1.2;
2/15/2016 11:02:23 AM;33;182.3;180.1;1.2;1.2;
2/15/2016 11:02:24 AM;34;182.3;180.1;1.2;1.2;
2/15/2016 11:02:25 AM;35;182.3;180.1;1.2;1.2;
2/15/2016 11:02:26 AM;36;182.3;180.1;1.2;1.2;
2/15/2016 11:02:27 AM;37;182.3;180.2;1.2;1.2;
2/15/2016 11:02:28 AM;38;182.3;180.2;1.2;1.2;
2/15/2016 11:02:29 AM;39;182.3;180.3;1.2;1.2;
2/15/2016 11:02:30 AM;40;182.3;180.3;1.2;1.2;
2/15/2016 11:02:31 AM;41;182.4;180.3;1.2;1.2;
2/15/2016 11:02:32 AM;42;182.4;180.4;1.2;1.2;
2/15/2016 11:02:33 AM;43;182.4;180.3;1.2;1.2;
2/15/2016 11:02:34 AM;44;182.4;180.3;1.2;1.2;
2/15/2016 11:02:35 AM;45;182.4;180.3;1.2;1.2;
2/15/2016 11:02:36 AM;46;182.4;180.3;1.2;1.2;
2/15/2016 11:02:37 AM;47;182.5;180.3;1.2;1.2;
2/15/2016 11:02:38 AM;48;182.5;180.3;1.2;1.2;
2/15/2016 11:02:39 AM;49;182.6;180.3;1.2;1.2;
2/15/2016 11:02:40 AM;50;182.6;180.3;1.2;1.2;
2/15/2016 11:02:41 AM;51;182.6;180.3;1.2;1.2;
2/15/2016 11:02:42 AM;52;182.6;180.4;1.2;1.2;
2/15/2016 11:02:43 AM;53;182.6;180.4;1.2;1.2;
2/15/2016 11:02:44 AM;54;182.7;180.5;1.2;1.2;
2/15/2016 11:02:45 AM;55;182.7;180.5;1.2;1.2;
2/15/2016 11:02:46 AM;56;182.7;180.5;1.2;1.2;
2/15/2016 11:02:47 AM;57;182.8;180.5;1.2;1.2;
2/15/2016 11:02:48 AM;58;182.8;180.6;1.2;1.2;
2/15/2016 11:02:49 AM;59;182.8;180.6;1.2;1.2;
2/15/2016 11:02:50 AM;60;182.8;180.6;1.2;1.2;
2/15/2016 11:02:51 AM;61;182.8;180.6;1.2;1.2;
2/15/2016 11:02:52 AM;62;182.8;180.7;1.2;1.2;
2/15/2016 11:02:53 AM;63;182.8;180.7;1.2;1.2;
2/15/2016 11:02:54 AM;64;182.9;180.7;1.2;1.2;
2/15/2016 11:02:55 AM;65;182.9;180.7;1.2;1.2;
2/15/2016 11:02:56 AM;66;183.0;180.7;1.2;1.2;
2/15/2016 11:02:57 AM;67;183.0;180.7;1.2;1.2;
2/15/2016 11:02:58 AM;68;183.0;180.7;1.2;1.2;
2/15/2016 11:02:59 AM;69;183.0;180.7;1.2;1.2;
2/15/2016 11:03:00 AM;70;183.0;180.8;1.2;1.2;
2/15/2016 11:03:01 AM;71;183.0;180.8;1.2;1.2;
2/15/2016 11:03:02 AM;72;183.1;180.8;1.2;1.2;
2/15/2016 11:03:03 AM;73;183.1;180.8;1.2;1.2;
2/15/2016 11:03:04 AM;74;183.1;180.8;1.2;1.2;
2/15/2016 11:03:05 AM;75;183.1;180.8;1.2;1.2;
2/15/2016 11:03:06 AM;76;183.2;180.8;1.2;1.2;
2/15/2016 11:03:07 AM;77;183.2;180.9;1.2;1.2;
2/15/2016 11:03:08 AM;78;183.2;180.9;1.2;1.2;
2/15/2016 11:03:09 AM;79;183.2;180.9;1.2;1.2;
2/15/2016 11:03:10 AM;80;183.2;180.9;1.2;1.2;
2/15/2016 11:03:11 AM;81;183.2;180.9;1.2;1.2;
2/15/2016 11:03:12 AM;82;183.3;181.0;1.2;1.2;
2/15/2016 11:03:13 AM;83;183.3;181.0;1.2;1.2;
2/15/2016 11:03:14 AM;84;183.4;181.1;1.2;1.2;
2/15/2016 11:03:15 AM;85;183.4;181.1;1.2;1.2;
2/15/2016 11:03:16 AM;86;183.4;181.1;1.2;1.2;
2/15/2016 11:03:17 AM;87;183.5;181.1;1.2;1.2;
2/15/2016 11:03:18 AM;88;183.5;181.1;1.2;1.2;
2/15/2016 11:03:19 AM;89;183.5;181.1;1.2;1.2;
2/15/2016 11:03:20 AM;90;183.5;181.1;1.2;1.2;
2/15/2016 11:03:21 AM;91;183.5;181.1;1.2;1.2;
2/15/2016 11:03:22 AM;92;183.5;181.1;1.2;1.2;
2/15/2016 11:03:23 AM;93;183.5;181.1;1.2;1.2;
2/15/2016 11:03:24 AM;94;183.5;181.2;1.2;1.2;
2/15/2016 11:03:25 AM;95;183.5;181.2;1.2;1.2;
2/15/2016 11:03:26 AM;96;183.6;181.2;1.2;1.2;
2/15/2016 11:03:27 AM;97;183.6;181.2;1.2;1.2;
2/15/2016 11:03:28 AM;98;183.6;181.2;1.2;1.2;
2/15/2016 11:03:29 AM;99;183.7;181.2;1.2;1.2;
2/15/2016 11:03:30 AM;100;183.7;181.2;1.2;1.2;
2/15/2016 11:03:31 AM;101;183.7;181.3;1.2;1.2;
2/15/2016 11:03:32 AM;102;183.7;181.3;1.2;1.2;
2/15/2016 11:03:33 AM;103;183.7;181.3;1.2;1.2;
2/15/2016 11:03:34 AM;104;183.7;181.3;1.2;1.2;
2/15/2016 11:03:35 AM;105;183.7;181.3;1.2;1.2;
2/15/2016 11:03:36 AM;106;183.7;181.3;1.2;1.2;
2/15/2016 11:03:37 AM;107;183.7;181.4;1.2;1.2;
2/15/2016 11:03:38 AM;108;183.7;181.5;1.2;1.2;
2/15/2016 11:03:39 AM;109;183.7;181.5;1.2;1.2;
2/15/2016 11:03:40 AM;110;183.7;181.5;1.2;1.2;
2/15/2016 11:03:41 AM;111;183.7;181.6;1.2;1.2;
2/15/2016 11:03:42 AM;112;183.7;181.6;1.2;1.2;
2/15/2016 11:03:43 AM;113;183.7;181.6;1.2;1.2;
2/15/2016 11:03:44 AM;114;183.8;181.6;1.2;1.2;
2/15/2016 11:03:45 AM;115;183.8;181.6;1.2;1.2;
2/15/2016 11:03:46 AM;116;183.9;181.6;1.2;1.2;
2/15/2016 11:03:47 AM;117;183.9;181.7;1.2;1.2;
2/15/2016 11:03:48 AM;118;183.9;181.7;1.2;1.2;
2/15/2016 11:03:49 AM;119;183.9;181.8;1.2;1.2;
2/15/2016 11:03:50 AM;120;183.9;181.8;1.2;1.2;
2/15/2016 11:03:51 AM;121;183.9;181.8;1.2;1.2;
2/15/2016 11:03:52 AM;122;183.9;181.8;1.2;1.2;
2/15/2016 11:03:53 AM;123;183.9;181.8;1.2;1.2;
2/15/2016 11:03:54 AM;124;184.0;181.8;1.2;1.2;
2/15/2016 11:03:55 AM;125;184.0;181.9;1.2;1.2;
2/15/2016 11:03:56 AM;126;184.1;181.9;1.2;1.2;
2/15/2016 11:03:57 AM;127;184.1;181.9;1.2;1.2;
2/15/2016 11:03:58 AM;128;184.1;182.0;1.2;1.2;
2/15/2016 11:03:59 AM;129;184.1;182.0;1.2;1.2;
2/15/2016 11:04:00 AM;130;184.1;182.0;1.2;1.2;
2/15/2016 11:04:01 AM;131;184.1;182.0;1.2;1.2;
2/15/2016 11:04:02 AM;132;184.2;182.0;1.2;1.2;
2/15/2016 11:04:03 AM;133;184.2;182.0;1.2;1.2;
2/15/2016 11:04:04 AM;134;184.3;182.0;1.2;1.2;
2/15/2016 11:04:05 AM;135;184.3;182.0;1.2;1.2;
2/15/2016 11:04:06 AM;136;184.3;182.1;1.2;1.2;
2/15/2016 11:04:07 AM;137;184.3;182.1;1.2;1.2;
2/15/2016 11:04:08 AM;138;184.3;182.1;1.2;1.2;
2/15/2016 11:04:09 AM;139;184.3;182.1;1.2;1.2;
2/15/2016 11:04:10 AM;140;184.4;182.2;1.2;1.2;
2/15/2016 11:04:11 AM;141;184.4;182.2;1.2;1.2;
2/15/2016 11:04:12 AM;142;184.5;182.2;1.2;1.2;
2/15/2016 11:04:13 AM;143;184.5;182.2;1.2;1.2;
2/15/2016 11:04:14 AM;144;184.5;182.2;1.2;1.2;
2/15/2016 11:04:15 AM;145;184.5;182.2;1.2;1.2;
2/15/2016 11:04:16 AM;146;184.6;182.2;1.2;1.2;
2/15/2016 11:04:17 AM;147;184.6;182.2;1.2;1.2;
2/15/2016 11:04:18 AM;148;184.6;182.3;1.2;1.2;
2/15/2016 11:04:19 AM;149;184.6;182.3;1.2;1.2;
2/15/2016 11:04:20 AM;150;184.6;182.3;1.2;1.2;
2/15/2016 11:04:21 AM;151;184.6;182.3;1.2;1.2;
2/15/2016 11:04:22 AM;152;184.7;182.3;1.2;1.2;
2/15/2016 11:04:23 AM;153;184.7;182.3;1.2;1.2;
2/15/2016 11:04:24 AM;154;184.8;182.3;1.2;1.2;
2/15/2016 11:04:25 AM;155;184.8;182.4;1.2;1.2;
2/15/2016 11:04:26 AM;156;184.8;182.4;1.2;1.2;
2/15/2016 11:04:27 AM;157;184.8;182.4;1.2;1.2;
2/15/2016 11:04:28 AM;158;184.8;182.5;1.2;1.2;
2/15/2016 11:04:29 AM;159;184.8;182.5;1.2;1.2;
2/15/2016 11:04:30 AM;160;184.8;182.5;1.2;1.2;
2/15/2016 11:04:31 AM;161;184.9;182.6;1.2;1.2;
2/15/2016 11:04:32 AM;162;184.9;182.6;1.2;1.2;
2/15/2016 11:04:33 AM;163;185.0;182.6;1.2;1.2;
2/15/2016 11:04:34 AM;164;185.0;182.6;1.2;1.2;
2/15/2016 11:04:35 AM;165;185.0;182.6;1.2;1.2;
2/15/2016 11:04:36 AM;166;185.1;182.7;1.2;1.2;
2/15/2016 11:04:37 AM;167;185.1;182.7;1.2;1.2;
2/15/2016 11:04:38 AM;168;185.1;182.8;1.2;1.2;
2/15/2016 11:04:39 AM;169;185.1;182.8;1.2;1.2;
2/15/2016 11:04:40 AM;170;185.2;182.9;1.2;1.2;
2/15/2016 11:04:41 AM;171;185.2;182.9;1.2;1.2;
2/15/2016 11:04:42 AM;172;185.2;182.9;1.2;1.2;
2/15/2016 11:04:43 AM;173;185.2;182.9;1.2;1.2;
2/15/2016 11:04:44 AM;174;185.2;182.9;1.2;1.2;
2/15/2016 11:04:45 AM;175;185.3;182.9;1.2;1.2;
2/15/2016 11:04:46 AM;176;185.3;182.9;1.2;1.2;
2/15/2016 11:04:47 AM;177;185.3;183.0;1.2;1.2;
2/15/2016 11:04:48 AM;178;185.3;183.0;1.2;1.2;
2/15/2016 11:04:49 AM;179;185.3;183.1;1.2;1.2;
2/15/2016 11:04:50 AM;180;185.3;183.1;1.2;1.2;
2/15/2016 11:04:51 AM;181;185.4;183.1;1.2;1.2;
2/15/2016 11:04:52 AM;182;185.4;183.1;1.2;1.2;
2/15/2016 11:04:53 AM;183;185.5;183.1;1.2;1.2;
2/15/2016 11:04:54 AM;184;185.5;183.2;1.2;1.2;
2/15/2016 11:04:55 AM;185;185.5;183.2;1.2;1.2;
2/15/2016 11:04:56 AM;186;185.5;183.2;1.2;1.2;
2/15/2016 11:04:57 AM;187;185.6;183.2;1.2;1.2;
2/15/2016 11:04:58 AM;188;185.6;183.2;1.2;1.2;
2/15/2016 11:04:59 AM;189;185.6;183.3;1.2;1.2;
2/15/2016 11:05:00 AM;190;185.7;183.3;1.2;1.2;
2/15/2016 11:05:01 AM;191;185.7;183.4;1.2;1.2;
2/15/2016 11:05:02 AM;192;185.7;183.4;1.2;1.2;
2/15/2016 11:05:03 AM;193;185.8;183.5;1.2;1.2;
2/15/2016 11:05:04 AM;194;185.8;183.5;1.2;1.2;
2/15/2016 11:05:05 AM;195;185.8;183.5;1.2;1.2;
2/15/2016 11:05:06 AM;196;185.8;183.5;1.2;1.2;
2/15/2016 11:05:07 AM;197;185.8;183.5;1.2;1.2;
2/15/2016 11:05:08 AM;198;185.8;183.5;1.2;1.2;
2/15/2016 11:05:09 AM;199;185.8;183.5;1.2;1.2;
2/15/2016 11:05:10 AM;200;185.8;183.5;1.2;1.2;
2/15/2016 11:05:11 AM;201;185.9;183.5;1.2;1.2;
2/15/2016 11:05:12 AM;202;185.9;183.5;1.2;1.2;
2/15/2016 11:05:13 AM;203;185.9;183.6;1.2;1.2;
2/15/2016 11:05:14 AM;204;185.9;183.6;1.2;1.2;
2/15/2016 11:05:15 AM;205;185.9;183.6;1.2;1.2;
2/15/2016 11:05:16 AM;206;185.9;183.7;1.2;1.2;
2/15/2016 11:05:17 AM;207;185.9;183.7;1.2;1.2;
2/15/2016 11:05:18 AM;208;186.0;183.7;1.2;1.2;
2/15/2016 11:05:19 AM;209;186.0;183.8;1.2;1.2;
2/15/2016 11:05:20 AM;210;186.1;183.8;1.2;1.2;
2/15/2016 11:05:21 AM;211;186.1;183.8;1.2;1.2;
2/15/2016 11:05:22 AM;212;186.1;183.8;1.2;1.2;
2/15/2016 11:05:23 AM;213;186.1;183.8;1.2;1.2;
2/15/2016 11:05:24 AM;214;186.1;183.8;1.2;1.2;
2/15/2016 11:05:25 AM;215;186.1;183.8;1.2;1.2;
2/15/2016 11:05:26 AM;216;186.1;183.8;1.2;1.2;
2/15/2016 11:05:27 AM;217;186.2;183.9;1.2;1.2;
2/15/2016 11:05:28 AM;218;186.2;183.9;1.2;1.2;
2/15/2016 11:05:29 AM;219;186.2;184.0;1.2;1.2;
2/15/2016 11:05:30 AM;220;186.2;184.0;1.2;1.2;
2/15/2016 11:05:31 AM;221;186.2;184.0;1.2;1.2;
2/15/2016 11:05:32 AM;222;186.2;184.0;1.2;1.2;
2/15/2016 11:05:33 AM;223;186.3;184.0;1.2;1.2;
2/15/2016 11:05:34 AM;224;186.3;184.1;1.2;1.2;
2/15/2016 11:05:35 AM;225;186.4;184.1;1.2;1.2;
2/15/2016 11:05:36 AM;226;186.4;184.2;1.2;1.2;
2/15/2016 11:05:37 AM;227;186.4;184.2;1.2;1.2;
2/15/2016 11:05:38 AM;228;186.4;184.1;1.2;1.2;
2/15/2016 11:05:39 AM;229;186.4;184.1;1.2;1.2;
2/15/2016 11:05:40 AM;230;186.5;184.1;1.2;1.2;
2/15/2016 11:05:41 AM;231;186.5;184.1;1.2;1.2;
2/15/2016 11:05:42 AM;232;186.5;184.2;1.2;1.2;
2/15/2016 11:05:43 AM;233;186.5;184.2;1.2;1.2;
2/15/2016 11:05:44 AM;234;186.5;184.3;1.2;1.2;
2/15/2016 11:05:45 AM;235;186.5;184.3;1.2;1.2;
2/15/2016 11:05:46 AM;236;186.6;184.4;1.2;1.2;
2/15/2016 11:05:47 AM;237;186.6;184.4;1.2;1.2;
2/15/2016 11:05:48 AM;238;186.7;184.4;1.2;1.2;
2/15/2016 11:05:49 AM;239;186.7;184.4;1.2;1.2;
2/15/2016 11:05:50 AM;240;186.7;184.4;1.2;1.2;
2/15/2016 11:05:51 AM;241;186.8;184.4;1.2;1.2;
2/15/2016 11:05:52 AM;242;186.8;184.5;1.2;1.2;
2/15/2016 11:05:53 AM;243;186.8;184.5;1.2;1.2;
2/15/2016 11:05:54 AM;244;186.8;184.5;1.2;1.2;
2/15/2016 11:05:55 AM;245;186.8;184.6;1.2;1.2;
2/15/2016 11:05:56 AM;246;186.9;184.6;1.2;1.2;
2/15/2016 11:05:57 AM;247;186.9;184.6;1.2;1.2;
2/15/2016 11:05:58 AM;248;186.9;184.6;1.2;1.2;
2/15/2016 11:05:59 AM;249;186.9;184.6;1.2;1.2;
2/15/2016 11:06:00 AM;250;187.0;184.6;1.2;1.2;
2/15/2016 11:06:01 AM;251;187.0;184.6;1.2;1.2;
2/15/2016 11:06:02 AM;252;187.0;184.7;1.2;1.2;
2/15/2016 11:06:03 AM;253;187.0;184.7;1.2;1.2;
2/15/2016 11:06:04 AM;254;187.1;184.7;1.2;1.2;
2/15/2016 11:06:05 AM;255;187.1;184.7;1.2;1.2;
2/15/2016 11:06:06 AM;256;187.2;184.8;1.2;1.2;
2/15/2016 11:06:07 AM;257;187.2;184.8;1.2;1.2;
2/15/2016 11:06:08 AM;258;187.2;184.9;1.2;1.2;
2/15/2016 11:06:09 AM;259;187.2;184.9;1.2;1.2;
2/15/2016 11:06:10 AM;260;187.2;184.9;1.2;1.2;
2/15/2016 11:06:11 AM;261;187.3;184.9;1.2;1.2;
2/15/2016 11:06:12 AM;262;187.2;184.9;1.2;1.2;
2/15/2016 11:06:13 AM;263;187.3;185.0;1.2;1.2;
2/15/2016 11:06:14 AM;264;187.3;185.0;1.2;1.2;
2/15/2016 11:06:15 AM;265;187.3;185.1;1.2;1.2;
2/15/2016 11:06:16 AM;266;187.3;185.1;1.2;1.2;
2/15/2016 11:06:17 AM;267;187.3;185.1;1.2;1.2;
2/15/2016 11:06:18 AM;268;187.3;185.1;1.2;1.2;
2/15/2016 11:06:19 AM;269;187.3;185.1;1.2;1.2;
2/15/2016 11:06:20 AM;270;187.3;185.2;1.2;1.2;
2/15/2016 11:06:21 AM;271;187.4;185.2;1.2;1.2;
2/15/2016 11:06:22 AM;272;187.4;185.2;1.2;1.2;
2/15/2016 11:06:23 AM;273;187.4;185.3;1.2;1.2;
2/15/2016 11:06:24 AM;274;187.5;185.3;1.2;1.2;
2/15/2016 11:06:25 AM;275;187.5;185.3;1.2;1.2;
2/15/2016 11:06:26 AM;276;187.5;185.3;1.2;1.2;
2/15/2016 11:06:27 AM;277;187.5;185.3;1.2;1.2;
2/15/2016 11:06:28 AM;278;187.6;185.3;1.2;1.2;
2/15/2016 11:06:29 AM;279;187.6;185.4;1.2;1.2;
2/15/2016 11:06:30 AM;280;187.6;185.4;1.2;1.2;
2/15/2016 11:06:31 AM;281;187.6;185.5;1.2;1.2;
2/15/2016 11:06:32 AM;282;187.7;185.5;1.2;1.2;
2/15/2016 11:06:33 AM;283;187.7;185.6;1.2;1.2;
2/15/2016 11:06:34 AM;284;187.8;185.6;1.2;1.2;
2/15/2016 11:06:35 AM;285;187.8;185.7;1.2;1.2;
2/15/2016 11:06:36 AM;286;187.8;185.7;1.2;1.2;
2/15/2016 11:06:37 AM;287;187.8;185.7;1.2;1.2;
2/15/2016 11:06:38 AM;288;187.8;185.7;1.2;1.2;
2/15/2016 11:06:39 AM;289;187.8;185.7;1.2;1.2;
2/15/2016 11:06:40 AM;290;187.9;185.7;1.2;1.2;
2/15/2016 11:06:41 AM;291;187.9;185.7;1.2;1.2;
2/15/2016 11:06:42 AM;292;187.9;185.8;1.2;1.2;
2/15/2016 11:06:43 AM;293;187.9;185.8;1.2;1.2;
2/15/2016 11:06:44 AM;294;187.9;185.9;1.2;1.2;
2/15/2016 11:06:45 AM;295;188.0;185.9;1.2;1.2;
2/15/2016 11:06:46 AM;296;188.0;185.9;1.2;1.2;
2/15/2016 11:06:47 AM;297;188.0;185.9;1.2;1.2;
2/15/2016 11:06:48 AM;298;188.0;185.9;1.2;1.2;
2/15/2016 11:06:49 AM;299;188.0;185.9;1.2;1.2;
2/15/2016 11:06:50 AM;300;188.0;185.9;1.2;1.2;
2/15/2016 11:06:51 AM;301;188.1;185.9;1.2;1.2;
2/15/2016 11:06:52 AM;302;188.1;186.0;1.2;1.2;
2/15/2016 11:06:53 AM;303;188.1;186.0;1.2;1.2;
2/15/2016 11:06:54 AM;304;188.1;186.0;1.2;1.2;
2/15/2016 11:06:55 AM;305;188.1;186.0;1.2;1.2;
2/15/2016 11:06:56 AM;306;188.2;186.0;1.2;1.2;
2/15/2016 11:06:57 AM;307;188.2;186.0;1.2;1.2;
2/15/2016 11:06:58 AM;308;188.3;186.0;1.2;1.2;
2/15/2016 11:06:59 AM;309;188.3;186.0;1.2;1.2;
2/15/2016 11:07:00 AM;310;188.3;186.0;1.2;1.2;
2/15/2016 11:07:01 AM;311;188.3;186.1;1.2;1.2;
2/15/2016 11:07:02 AM;312;188.3;186.1;1.2;1.2;
2/15/2016 11:07:03 AM;313;188.4;186.1;1.2;1.2;
2/15/2016 11:07:04 AM;314;188.4;186.2;1.2;1.2;
2/15/2016 11:07:05 AM;315;188.5;186.2;1.2;1.2;
2/15/2016 11:07:06 AM;316;188.5;186.2;1.2;1.2;
2/15/2016 11:07:07 AM;317;188.5;186.2;1.2;1.2;
2/15/2016 11:07:08 AM;318;188.5;186.2;1.2;1.2;
2/15/2016 11:07:09 AM;319;188.5;186.2;1.2;1.2;
2/15/2016 11:07:10 AM;320;188.5;186.3;1.2;1.2;
2/15/2016 11:07:11 AM;321;188.6;186.3;1.2;1.2;
2/15/2016 11:07:12 AM;322;188.6;186.4;1.2;1.2;
2/15/2016 11:07:13 AM;323;188.6;186.4;1.2;1.2;
2/15/2016 11:07:14 AM;324;188.7;186.5;1.2;1.2;
2/15/2016 11:07:15 AM;325;188.7;186.5;1.2;1.2;
2/15/2016 11:07:16 AM;326;188.8;186.5;1.2;1.2;
2/15/2016 11:07:17 AM;327;188.8;186.6;1.2;1.2;
2/15/2016 11:07:18 AM;328;188.8;186.6;1.2;1.2;
2/15/2016 11:07:19 AM;329;188.9;186.6;1.2;1.2;
2/15/2016 11:07:20 AM;330;188.9;186.6;1.2;1.2;
2/15/2016 11:07:21 AM;331;188.9;186.6;1.2;1.2;
2/15/2016 11:07:22 AM;332;188.9;186.6;1.2;1.2;
2/15/2016 11:07:23 AM;333;188.9;186.6;1.2;1.2;
2/15/2016 11:07:24 AM;334;189.0;186.7;1.2;1.2;
2/15/2016 11:07:25 AM;335;189.0;186.7;1.2;1.2;
2/15/2016 11:07:26 AM;336;189.1;186.8;1.2;1.2;
2/15/2016 11:07:27 AM;337;189.1;186.8;1.2;1.2;
2/15/2016 11:07:28 AM;338;189.1;186.8;1.2;1.2;
2/15/2016 11:07:29 AM;339;189.1;186.8;1.2;1.2;
2/15/2016 11:07:30 AM;340;189.2;186.9;1.2;1.2;
2/15/2016 11:07:31 AM;341;189.2;186.9;1.2;1.2;
2/15/2016 11:07:32 AM;342;189.2;187.0;1.2;1.2;
2/15/2016 11:07:33 AM;343;189.3;187.0;1.2;1.2;
2/15/2016 11:07:34 AM;344;189.3;187.0;1.2;1.2;
2/15/2016 11:07:35 AM;345;189.3;187.0;1.2;1.2;
2/15/2016 11:07:36 AM;346;189.3;187.1;1.2;1.2;
2/15/2016 11:07:37 AM;347;189.4;187.1;1.2;1.2;
2/15/2016 11:07:38 AM;348;189.4;187.1;1.2;1.2;
2/15/2016 11:07:39 AM;349;189.4;187.1;1.2;1.2;
2/15/2016 11:07:40 AM;350;189.4;187.1;1.2;1.2;
2/15/2016 11:07:41 AM;351;189.4;187.1;1.2;1.2;
2/15/2016 11:07:42 AM;352;189.4;187.1;1.2;1.2;
2/15/2016 11:07:43 AM;353;189.5;187.2;1.2;1.2;
2/15/2016 11:07:44 AM;354;189.5;187.2;1.2;1.2;
2/15/2016 11:07:45 AM;355;189.6;187.3;1.2;1.2;
2/15/2016 11:07:46 AM;356;189.6;187.3;1.2;1.2;
2/15/2016 11:07:47 AM;357;189.6;187.3;1.2;1.2;
2/15/2016 11:07:48 AM;358;189.6;187.3;1.2;1.2;
2/15/2016 11:07:49 AM;359;189.6;187.4;1.2;1.2;
2/15/2016 11:07:50 AM;360;189.6;187.4;1.2;1.2;
2/15/2016 11:07:51 AM;361;189.6;187.4;1.2;1.2;
2/15/2016 11:07:52 AM;362;189.6;187.5;1.2;1.2;
2/15/2016 11:07:53 AM;363;189.6;187.5;1.2;1.2;
2/15/2016 11:07:54 AM;364;189.7;187.5;1.2;1.2;
2/15/2016 11:07:55 AM;365;189.8;187.6;1.2;1.2;
2/15/2016 11:07:56 AM;366;189.8;187.6;1.2;1.2;
2/15/2016 11:07:57 AM;367;189.8;187.7;1.2;1.2;
2/15/2016 11:07:58 AM;368;189.8;187.7;1.2;1.2;
2/15/2016 11:07:59 AM;369;189.8;187.7;1.2;1.2;
2/15/2016 11:08:00 AM;370;189.9;187.7;1.2;1.2;
2/15/2016 11:08:01 AM;371;189.9;187.7;1.2;1.2;
2/15/2016 11:08:02 AM;372;190.0;187.7;1.2;1.2;
2/15/2016 11:08:03 AM;373;190.0;187.7;1.2;1.2;
2/15/2016 11:08:04 AM;374;190.1;187.8;1.2;1.2;
2/15/2016 11:08:05 AM;375;190.1;187.8;1.2;1.2;
2/15/2016 11:08:06 AM;376;190.1;187.8;1.2;1.2;
2/15/2016 11:08:07 AM;377;190.1;187.8;1.2;1.2;
2/15/2016 11:08:08 AM;378;190.1;187.9;1.2;1.2;
2/15/2016 11:08:09 AM;379;190.1;187.9;1.2;1.2;
2/15/2016 11:08:10 AM;380;190.2;188.0;1.2;1.2;
2/15/2016 11:08:11 AM;381;190.2;188.0;1.2;1.2;
2/15/2016 11:08:12 AM;382;190.3;188.1;1.2;1.2;
2/15/2016 11:08:13 AM;383;190.3;188.1;1.2;1.2;
2/15/2016 11:08:14 AM;384;190.3;188.1;1.2;1.2;
2/15/2016 11:08:15 AM;385;190.4;188.1;1.2;1.2;
2/15/2016 11:08:16 AM;386;190.4;188.2;1.2;1.2;
2/15/2016 11:08:17 AM;387;190.4;188.2;1.2;1.2;
2/15/2016 11:08:18 AM;388;190.4;188.2;1.2;1.2;
2/15/2016 11:08:19 AM;389;190.4;188.3;1.2;1.2;
2/15/2016 11:08:20 AM;390;190.4;188.3;1.2;1.2;
2/15/2016 11:08:21 AM;391;190.4;188.3;1.2;1.2;
2/15/2016 11:08:22 AM;392;190.5;188.3;1.2;1.2;
2/15/2016 11:08:23 AM;393;190.5;188.3;1.2;1.2;
2/15/2016 11:08:24 AM;394;190.6;188.3;1.2;1.2;
2/15/2016 11:08:25 AM;395;190.6;188.4;1.2;1.2;
2/15/2016 11:08:26 AM;396;190.7;188.4;1.2;1.2;
2/15/2016 11:08:27 AM;397;190.7;188.4;1.2;1.2;
2/15/2016 11:08:28 AM;398;190.7;188.4;1.2;1.2;
2/15/2016 11:08:29 AM;399;190.7;188.4;1.2;1.2;
2/15/2016 11:08:30 AM;400;190.8;188.5;1.2;1.2;
2/15/2016 11:08:31 AM;401;190.8;188.5;1.2;1.2;
2/15/2016 11:08:32 AM;402;190.9;188.6;1.2;1.2;
2/15/2016 11:08:33 AM;403;190.9;188.6;1.2;1.2;
2/15/2016 11:08:34 AM;404;190.9;188.6;1.2;1.2;
2/15/2016 11:08:35 AM;405;190.9;188.6;1.2;1.2;
2/15/2016 11:08:36 AM;406;190.9;188.7;1.2;1.2;
2/15/2016 11:08:37 AM;407;190.9;188.7;1.2;1.2;
2/15/2016 11:08:38 AM;408;190.9;188.7;1.2;1.2;
2/15/2016 11:08:39 AM;409;190.9;188.7;1.2;1.2;
2/15/2016 11:08:40 AM;410;191.0;188.8;1.2;1.2;
2/15/2016 11:08:41 AM;411;191.0;188.8;1.2;1.2;
2/15/2016 11:08:42 AM;412;191.0;188.9;1.2;1.2;
2/15/2016 11:08:43 AM;413;191.1;188.9;1.2;1.2;
2/15/2016 11:08:44 AM;414;191.1;189.0;1.2;1.2;
2/15/2016 11:08:45 AM;415;191.1;189.0;1.2;1.2;
2/15/2016 11:08:46 AM;416;191.2;189.0;1.2;1.2;
2/15/2016 11:08:47 AM;417;191.2;189.0;1.2;1.2;
2/15/2016 11:08:48 AM;418;191.3;189.1;1.2;1.2;
2/15/2016 11:08:49 AM;419;191.3;189.1;1.2;1.2;
2/15/2016 11:08:50 AM;420;191.3;189.1;1.2;1.2;
2/15/2016 11:08:51 AM;421;191.4;189.1;1.2;1.2;
2/15/2016 11:08:52 AM;422;191.4;189.2;1.2;1.2;
2/15/2016 11:08:53 AM;423;191.5;189.2;1.2;1.2;
2/15/2016 11:08:54 AM;424;191.5;189.3;1.2;1.2;
2/15/2016 11:08:55 AM;425;191.5;189.3;1.2;1.2;
2/15/2016 11:08:56 AM;426;191.5;189.3;1.2;1.2;
2/15/2016 11:08:57 AM;427;191.5;189.3;1.2;1.2;
2/15/2016 11:08:58 AM;428;191.5;189.3;1.2;1.2;
2/15/2016 11:08:59 AM;429;191.6;189.4;1.2;1.2;
2/15/2016 11:09:00 AM;430;191.6;189.4;1.2;1.2;
2/15/2016 11:09:01 AM;431;191.6;189.4;1.2;1.2;
2/15/2016 11:09:02 AM;432;191.6;189.4;1.2;1.2;
2/15/2016 11:09:03 AM;433;191.6;189.5;1.2;1.2;
2/15/2016 11:09:04 AM;434;191.7;189.5;1.2;1.2;
2/15/2016 11:09:05 AM;435;191.7;189.6;1.2;1.2;
2/15/2016 11:09:06 AM;436;191.8;189.6;1.2;1.2;
2/15/2016 11:09:07 AM;437;191.8;189.6;1.2;1.2;
2/15/2016 11:09:08 AM;438;191.8;189.6;1.2;1.2;
2/15/2016 11:09:09 AM;439;191.9;189.7;1.2;1.2;
2/15/2016 11:09:10 AM;440;191.9;189.7;1.2;1.2;
2/15/2016 11:09:11 AM;441;192.0;189.7;1.2;1.2;
2/15/2016 11:09:12 AM;442;192.0;189.7;1.2;1.2;
2/15/2016 11:09:13 AM;443;192.0;189.7;1.2;1.2;
2/15/2016 11:09:14 AM;444;192.0;189.8;1.2;1.2;
2/15/2016 11:09:15 AM;445;192.0;189.8;1.2;1.2;
2/15/2016 11:09:16 AM;446;192.0;189.9;1.2;1.2;
2/15/2016 11:09:17 AM;447;192.1;189.9;1.2;1.2;
2/15/2016 11:09:18 AM;448;192.1;189.9;1.2;1.2;
2/15/2016 11:09:19 AM;449;192.1;189.9;1.2;1.2;
2/15/2016 11:09:20 AM;450;192.1;189.9;1.2;1.2;
2/15/2016 11:09:21 AM;451;192.1;189.9;1.2;1.2;
2/15/2016 11:09:22 AM;452;192.1;189.9;1.2;1.2;
2/15/2016 11:09:23 AM;453;192.1;190.0;1.2;1.2;
2/15/2016 11:09:24 AM;454;192.1;190.0;1.2;1.2;
2/15/2016 11:09:25 AM;455;192.2;190.0;1.2;1.2;
2/15/2016 11:09:26 AM;456;192.2;190.0;1.2;1.2;
2/15/2016 11:09:27 AM;457;192.3;190.1;1.2;1.2;
2/15/2016 11:09:28 AM;458;192.3;190.1;1.2;1.2;
2/15/2016 11:09:29 AM;459;192.4;190.2;1.2;1.2;
2/15/2016 11:09:30 AM;460;192.4;190.2;1.2;1.2;
2/15/2016 11:09:31 AM;461;192.4;190.3;1.2;1.2;
2/15/2016 11:09:32 AM;462;192.5;190.2;1.2;1.2;
2/15/2016 11:09:33 AM;463;192.5;190.2;1.2;1.2;
2/15/2016 11:09:34 AM;464;192.5;190.3;1.2;1.2;
2/15/2016 11:09:35 AM;465;192.5;190.3;1.2;1.2;
2/15/2016 11:09:36 AM;466;192.5;190.3;1.2;1.2;
2/15/2016 11:09:37 AM;467;192.5;190.4;1.2;1.2;
2/15/2016 11:09:38 AM;468;192.5;190.4;1.2;1.2;
2/15/2016 11:09:39 AM;469;192.5;190.4;1.2;1.2;
2/15/2016 11:09:40 AM;470;192.6;190.4;1.2;1.2;
2/15/2016 11:09:41 AM;471;192.6;190.5;1.2;1.2;
2/15/2016 11:09:42 AM;472;192.7;190.4;1.2;1.2;
2/15/2016 11:09:43 AM;473;192.8;190.5;1.2;1.2;
2/15/2016 11:09:44 AM;474;192.8;190.5;1.2;1.2;
2/15/2016 11:09:45 AM;475;192.8;190.6;1.2;1.2;
2/15/2016 11:09:46 AM;476;192.8;190.6;1.2;1.2;
2/15/2016 11:09:47 AM;477;192.9;190.6;1.2;1.2;
2/15/2016 11:09:48 AM;478;192.9;190.6;1.2;1.2;
2/15/2016 11:09:49 AM;479;192.9;190.7;1.2;1.2;
2/15/2016 11:09:50 AM;480;192.9;190.7;1.2;1.2;
2/15/2016 11:09:51 AM;481;192.9;190.7;1.2;1.2;
2/15/2016 11:09:52 AM;482;192.9;190.8;1.2;1.2;
2/15/2016 11:09:53 AM;483;192.9;190.8;1.2;1.2;
2/15/2016 11:09:54 AM;484;192.9;190.8;1.2;1.2;
2/15/2016 11:09:55 AM;485;193.0;190.8;1.2;1.2;
2/15/2016 11:09:56 AM;486;193.0;190.8;1.2;1.2;
2/15/2016 11:09:57 AM;487;193.1;190.8;1.2;1.2;
2/15/2016 11:09:58 AM;488;193.1;190.9;1.2;1.2;
2/15/2016 11:09:59 AM;489;193.1;190.9;1.2;1.2;
2/15/2016 11:10:00 AM;490;193.1;191.0;1.2;1.2;
2/15/2016 11:10:01 AM;491;193.2;191.0;1.2;1.2;
2/15/2016 11:10:02 AM;492;193.3;191.0;1.2;1.2;
2/15/2016 11:10:03 AM;493;193.3;191.0;1.2;1.2;
2/15/2016 11:10:04 AM;494;193.3;191.0;1.2;1.2;
2/15/2016 11:10:05 AM;495;193.4;191.0;1.2;1.2;
2/15/2016 11:10:06 AM;496;193.4;191.0;1.2;1.2;
2/15/2016 11:10:07 AM;497;193.4;191.1;1.2;1.2;
2/15/2016 11:10:08 AM;498;193.4;191.1;1.2;1.2;
2/15/2016 11:10:09 AM;499;193.4;191.1;1.2;1.2;
2/15/2016 11:10:10 AM;500;193.4;191.2;1.2;1.2;
2/15/2016 11:10:11 AM;501;193.4;191.2;1.2;1.2;
2/15/2016 11:10:12 AM;502;193.5;191.3;1.2;1.2;
2/15/2016 11:10:13 AM;503;193.5;191.3;1.2;1.2;
2/15/2016 11:10:14 AM;504;193.6;191.3;1.2;1.2;
2/15/2016 11:10:15 AM;505;193.6;191.4;1.2;1.2;
2/15/2016 11:10:16 AM;506;193.6;191.4;1.2;1.2;
2/15/2016 11:10:17 AM;507;193.6;191.4;1.2;1.2;
2/15/2016 11:10:18 AM;508;193.6;191.5;1.2;1.2;
2/15/2016 11:10:19 AM;509;193.7;191.5;1.2;1.2;
2/15/2016 11:10:20 AM;510;193.7;191.5;1.2;1.2;
2/15/2016 11:10:21 AM;511;193.7;191.6;1.2;1.2;
2/15/2016 11:10:22 AM;512;193.8;191.5;1.2;1.2;
2/15/2016 11:10:23 AM;513;193.8;191.5;1.2;1.2;
2/15/2016 11:10:24 AM;514;193.8;191.6;1.2;1.2;
2/15/2016 11:10:25 AM;515;193.8;191.6;1.2;1.2;
2/15/2016 11:10:26 AM;516;193.8;191.6;1.2;1.2;
2/15/2016 11:10:27 AM;517;193.8;191.6;1.2;1.2;
2/15/2016 11:10:28 AM;518;193.8;191.7;1.2;1.2;
2/15/2016 11:10:29 AM;519;193.8;191.7;1.2;1.2;
2/15/2016 11:10:30 AM;520;193.8;191.7;1.2;1.2;
2/15/2016 11:10:31 AM;521;193.9;191.8;1.2;1.2;
2/15/2016 11:10:32 AM;522;193.9;191.8;1.2;1.2;
2/15/2016 11:10:33 AM;523;193.9;191.8;1.2;1.2;
2/15/2016 11:10:34 AM;524;193.9;191.8;1.2;1.2;
2/15/2016 11:10:35 AM;525;194.0;191.9;1.2;1.2;
2/15/2016 11:10:36 AM;526;194.0;191.9;1.2;1.2;
2/15/2016 11:10:37 AM;527;194.1;191.9;1.2;1.2;
2/15/2016 11:10:38 AM;528;194.1;192.0;1.2;1.2;
2/15/2016 11:10:39 AM;529;194.2;192.0;1.2;1.2;
2/15/2016 11:10:40 AM;530;194.2;192.1;1.2;1.2;
2/15/2016 11:10:41 AM;531;194.2;192.1;1.2;1.2;
2/15/2016 11:10:42 AM;532;194.3;192.1;1.2;1.2;
2/15/2016 11:10:43 AM;533;194.3;192.2;1.2;1.2;
2/15/2016 11:10:44 AM;534;194.4;192.2;1.2;1.2;
2/15/2016 11:10:45 AM;535;194.4;192.3;1.2;1.2;
2/15/2016 11:10:46 AM;536;194.4;192.3;1.2;1.2;
2/15/2016 11:10:47 AM;537;194.4;192.3;1.2;1.2;
2/15/2016 11:10:48 AM;538;194.4;192.3;1.2;1.2;
2/15/2016 11:10:49 AM;539;194.4;192.3;1.2;1.2;
2/15/2016 11:10:50 AM;540;194.5;192.3;1.2;1.2;
2/15/2016 11:10:51 AM;541;194.5;192.3;1.2;1.2;
2/15/2016 11:10:52 AM;542;194.6;192.3;1.2;1.2;
2/15/2016 11:10:53 AM;543;194.6;192.3;1.2;1.2;
2/15/2016 11:10:54 AM;544;194.7;192.4;1.2;1.2;
2/15/2016 11:10:55 AM;545;194.7;192.4;1.2;1.2;
2/15/2016 11:10:56 AM;546;194.7;192.5;1.2;1.2;
2/15/2016 11:10:57 AM;547;194.7;192.5;1.2;1.2;
2/15/2016 11:10:58 AM;548;194.7;192.6;1.2;1.2;
2/15/2016 11:10:59 AM;549;194.7;192.6;1.2;1.2;
2/15/2016 11:11:00 AM;550;194.8;192.6;1.2;1.2;
2/15/2016 11:11:01 AM;551;194.8;192.6;1.2;1.2;
2/15/2016 11:11:02 AM;552;194.9;192.6;1.2;1.2;
2/15/2016 11:11:03 AM;553;194.9;192.6;1.2;1.2;
2/15/2016 11:11:04 AM;554;195.0;192.6;1.2;1.2;
2/15/2016 11:11:05 AM;555;195.0;192.7;1.2;1.2;
2/15/2016 11:11:06 AM;556;195.1;192.7;1.2;1.2;
2/15/2016 11:11:07 AM;557;195.1;192.8;1.2;1.2;
2/15/2016 11:11:08 AM;558;195.1;192.8;1.2;1.2;
2/15/2016 11:11:09 AM;559;195.1;192.8;1.2;1.2;
2/15/2016 11:11:10 AM;560;195.1;192.8;1.2;1.2;
2/15/2016 11:11:11 AM;561;195.1;192.8;1.2;1.2;
2/15/2016 11:11:12 AM;562;195.1;192.9;1.2;1.2;
2/15/2016 11:11:13 AM;563;195.1;192.9;1.2;1.2;
2/15/2016 11:11:14 AM;564;195.2;193.0;1.2;1.2;
2/15/2016 11:11:15 AM;565;195.2;193.0;1.2;1.2;
2/15/2016 11:11:16 AM;566;195.3;193.0;1.2;1.2;
2/15/2016 11:11:17 AM;567;195.3;193.0;1.2;1.2;
2/15/2016 11:11:18 AM;568;195.4;193.0;1.2;1.2;
2/15/2016 11:11:19 AM;569;195.4;193.0;1.2;1.2;
2/15/2016 11:11:20 AM;570;195.4;193.0;1.2;1.2;
2/15/2016 11:11:21 AM;571;195.4;193.1;1.2;1.2;
2/15/2016 11:11:22 AM;572;195.4;193.1;1.2;1.2;
2/15/2016 11:11:23 AM;573;195.4;193.2;1.2;1.2;
2/15/2016 11:11:24 AM;574;195.5;193.2;1.2;1.2;
2/15/2016 11:11:25 AM;575;195.5;193.3;1.2;1.2;
2/15/2016 11:11:26 AM;576;195.5;193.3;1.2;1.2;
2/15/2016 11:11:27 AM;577;195.5;193.4;1.2;1.2;
2/15/2016 11:11:28 AM;578;195.6;193.4;1.2;1.2;
2/15/2016 11:11:29 AM;579;195.6;193.4;1.2;1.2;
2/15/2016 11:11:30 AM;580;195.6;193.4;1.2;1.2;
2/15/2016 11:11:31 AM;581;195.6;193.4;1.2;1.2;
2/15/2016 11:11:32 AM;582;195.6;193.5;1.2;1.2;
2/15/2016 11:11:33 AM;583;195.7;193.5;1.2;1.2;
2/15/2016 11:11:34 AM;584;195.7;193.5;1.2;1.2;
2/15/2016 11:11:35 AM;585;195.8;193.5;1.2;1.2;
2/15/2016 11:11:36 AM;586;195.8;193.5;1.2;1.2;
2/15/2016 11:11:37 AM;587;195.8;193.5;1.2;1.2;
2/15/2016 11:11:38 AM;588;195.8;193.6;1.2;1.2;
2/15/2016 11:11:39 AM;589;195.8;193.5;1.2;1.2;
2/15/2016 11:11:40 AM;590;195.8;193.6;1.2;1.2;
2/15/2016 11:11:41 AM;591;195.9;193.6;1.2;1.2;
2/15/2016 11:11:42 AM;592;195.9;193.6;1.2;1.2;
2/15/2016 11:11:43 AM;593;196.0;193.6;1.2;1.2;
2/15/2016 11:11:44 AM;594;196.0;193.7;1.2;1.2;
2/15/2016 11:11:45 AM;595;196.0;193.7;1.2;1.2;
2/15/2016 11:11:46 AM;596;196.0;193.7;1.2;1.2;
2/15/2016 11:11:47 AM;597;196.0;193.7;1.2;1.2;
2/15/2016 11:11:48 AM;598;196.1;193.8;1.2;1.2;
2/15/2016 11:11:49 AM;599;196.1;193.8;1.2;1.2;
2/15/2016 11:11:50 AM;600;196.1;193.8;1.2;1.2;
2/15/2016 11:11:51 AM;601;196.2;193.9;1.2;1.2;
2/15/2016 11:11:52 AM;602;196.2;193.9;1.2;1.2;
2/15/2016 11:11:53 AM;603;196.3;194.0;1.2;1.2;
2/15/2016 11:11:54 AM;604;196.3;194.0;1.2;1.2;
2/15/2016 11:11:55 AM;605;196.3;194.1;1.2;1.2;
2/15/2016 11:11:56 AM;606;196.3;194.1;1.2;1.2;
2/15/2016 11:11:57 AM;607;196.3;194.1;1.2;1.2;
2/15/2016 11:11:58 AM;608;196.4;194.1;1.2;1.2;
2/15/2016 11:11:59 AM;609;196.4;194.1;1.2;1.2;
2/15/2016 11:12:00 AM;610;196.4;194.2;1.2;1.2;
2/15/2016 11:12:01 AM;611;196.5;194.2;1.2;1.2;
2/15/2016 11:12:02 AM;612;196.5;194.3;1.2;1.2;
2/15/2016 11:12:03 AM;613;196.5;194.3;1.2;1.2;
2/15/2016 11:12:04 AM;614;196.5;194.3;1.2;1.2;
2/15/2016 11:12:05 AM;615;196.5;194.3;1.2;1.2;
2/15/2016 11:12:06 AM;616;196.5;194.3;1.2;1.2;
2/15/2016 11:12:07 AM;617;196.6;194.4;1.2;1.2;
2/15/2016 11:12:08 AM;618;196.6;194.4;1.2;1.2;
2/15/2016 11:12:09 AM;619;196.7;194.4;1.2;1.2;
2/15/2016 11:12:10 AM;620;196.7;194.4;1.2;1.2;
2/15/2016 11:12:11 AM;621;196.7;194.4;1.2;1.2;
2/15/2016 11:12:12 AM;622;196.7;194.5;1.2;1.2;
2/15/2016 11:12:13 AM;623;196.7;194.5;1.2;1.2;
2/15/2016 11:12:14 AM;624;196.8;194.6;1.2;1.2;
2/15/2016 11:12:15 AM;625;196.8;194.6;1.2;1.2;
2/15/2016 11:12:16 AM;626;196.8;194.6;1.2;1.2;
2/15/2016 11:12:17 AM;627;196.9;194.6;1.2;1.2;
2/15/2016 11:12:18 AM;628;196.9;194.6;1.2;1.2;
2/15/2016 11:12:19 AM;629;196.9;194.6;1.2;1.2;
2/15/2016 11:12:20 AM;630;196.9;194.7;1.2;1.2;
2/15/2016 11:12:21 AM;631;197.0;194.7;1.2;1.2;
2/15/2016 11:12:22 AM;632;197.0;194.7;1.2;1.2;
2/15/2016 11:12:23 AM;633;197.1;194.7;1.2;1.2;
2/15/2016 11:12:24 AM;634;197.1;194.7;1.2;1.2;
2/15/2016 11:12:25 AM;635;197.1;194.8;1.2;1.2;
2/15/2016 11:12:26 AM;636;197.1;194.8;1.2;1.2;
2/15/2016 11:12:27 AM;637;197.1;194.8;1.2;1.2;
2/15/2016 11:12:28 AM;638;197.1;194.9;1.2;1.2;
2/15/2016 11:12:29 AM;639;197.1;194.9;1.2;1.2;
2/15/2016 11:12:30 AM;640;197.1;195.0;1.2;1.2;
2/15/2016 11:12:31 AM;641;197.1;195.0;1.2;1.2;
2/15/2016 11:12:32 AM;642;197.2;195.0;1.2;1.2;
2/15/2016 11:12:33 AM;643;197.2;195.1;1.2;1.2;
2/15/2016 11:12:34 AM;644;197.3;195.1;1.2;1.2;
2/15/2016 11:12:35 AM;645;197.3;195.1;1.2;1.2;
2/15/2016 11:12:36 AM;646;197.4;195.2;1.2;1.2;
2/15/2016 11:12:37 AM;647;197.4;195.2;1.2;1.2;
2/15/2016 11:12:38 AM;648;197.4;195.2;1.2;1.2;
2/15/2016 11:12:39 AM;649;197.4;195.2;1.2;1.2;
2/15/2016 11:12:40 AM;650;197.4;195.3;1.2;1.2;
2/15/2016 11:12:41 AM;651;197.4;195.3;1.2;1.2;
2/15/2016 11:12:42 AM;652;197.5;195.3;1.2;1.2;
2/15/2016 11:12:43 AM;653;197.5;195.3;1.2;1.2;
2/15/2016 11:12:44 AM;654;197.6;195.3;1.2;1.2;
2/15/2016 11:12:45 AM;655;197.6;195.4;1.2;1.2;
2/15/2016 11:12:46 AM;656;197.6;195.4;1.2;1.2;
2/15/2016 11:12:47 AM;657;197.6;195.4;1.2;1.2;
2/15/2016 11:12:48 AM;658;197.6;195.5;1.2;1.2;
2/15/2016 11:12:49 AM;659;197.7;195.5;1.2;1.2;
2/15/2016 11:12:50 AM;660;197.7;195.6;1.2;1.2;
2/15/2016 11:12:51 AM;661;197.7;195.6;1.2;1.2;
2/15/2016 11:12:52 AM;662;197.7;195.6;1.2;1.2;
2/15/2016 11:12:53 AM;663;197.7;195.7;1.2;1.2;
2/15/2016 11:12:54 AM;664;197.7;195.7;1.2;1.2;
2/15/2016 11:12:55 AM;665;197.7;195.7;1.2;1.2;
2/15/2016 11:12:56 AM;666;197.8;195.7;1.2;1.2;
2/15/2016 11:12:57 AM;667;197.8;195.8;1.2;1.2;
2/15/2016 11:12:58 AM;668;197.8;195.8;1.2;1.2;
2/15/2016 11:12:59 AM;669;197.8;195.8;1.2;1.2;
2/15/2016 11:13:00 AM;670;197.9;195.9;1.2;1.2;
2/15/2016 11:13:01 AM;671;198.0;195.9;1.2;1.2;
2/15/2016 11:13:02 AM;672;198.0;195.9;1.2;1.2;
2/15/2016 11:13:03 AM;673;198.1;196.0;1.2;1.2;
2/15/2016 11:13:04 AM;674;198.2;196.0;1.2;1.2;
2/15/2016 11:13:05 AM;675;198.2;196.0;1.2;1.2;
2/15/2016 11:13:06 AM;676;198.2;196.0;1.2;1.2;
2/15/2016 11:13:07 AM;677;198.3;196.1;1.2;1.2;
2/15/2016 11:13:08 AM;678;198.3;196.1;1.2;1.2;
2/15/2016 11:13:09 AM;679;198.3;196.1;1.2;1.2;
2/15/2016 11:13:10 AM;680;198.3;196.2;1.2;1.2;
2/15/2016 11:13:11 AM;681;198.3;196.2;1.2;1.2;
2/15/2016 11:13:12 AM;682;198.3;196.3;1.2;1.2;
2/15/2016 11:13:13 AM;683;198.3;196.3;1.2;1.2;
2/15/2016 11:13:14 AM;684;198.4;196.3;1.2;1.2;
2/15/2016 11:13:15 AM;685;198.4;196.4;1.2;1.2;
2/15/2016 11:13:16 AM;686;198.4;196.4;1.2;1.2;
2/15/2016 11:13:17 AM;687;198.5;196.5;1.2;1.2;
2/15/2016 11:13:18 AM;688;198.5;196.5;1.2;1.2;
2/15/2016 11:13:19 AM;689;198.6;196.6;1.2;1.2;
2/15/2016 11:13:20 AM;690;198.6;196.6;1.2;1.2;
2/15/2016 11:13:21 AM;691;198.7;196.6;1.2;1.2;
2/15/2016 11:13:22 AM;692;198.8;196.7;1.2;1.2;
2/15/2016 11:13:23 AM;693;198.9;196.7;1.2;1.2;
2/15/2016 11:13:24 AM;694;199.0;196.7;1.2;1.2;
2/15/2016 11:13:25 AM;695;199.1;196.8;1.2;1.2;
2/15/2016 11:13:26 AM;696;199.2;196.9;1.2;1.2;
2/15/2016 11:13:27 AM;697;199.3;197.0;1.2;1.2;
2/15/2016 11:13:28 AM;698;199.4;197.2;1.2;1.2;
2/15/2016 11:13:29 AM;699;199.6;197.4;1.2;1.2;
2/15/2016 11:13:30 AM;700;199.8;197.6;1.2;1.2;
2/15/2016 11:13:31 AM;701;200.1;197.7;1.2;1.2;
2/15/2016 11:13:32 AM;702;200.4;198.0;1.3;1.2;
2/15/2016 11:13:33 AM;703;200.7;198.1;1.3;1.2;
2/15/2016 11:13:34 AM;704;201.0;198.4;1.3;1.2;
2/15/2016 11:13:35 AM;705;201.4;198.7;1.3;1.2;
2/15/2016 11:13:36 AM;706;201.8;199.0;1.3;1.2;
2/15/2016 11:13:37 AM;707;202.3;199.2;1.3;1.2;
2/15/2016 11:13:38 AM;708;202.8;199.6;1.3;1.2;
2/15/2016 11:13:39 AM;709;203.6;199.9;1.3;1.2;
2/15/2016 11:13:40 AM;710;204.3;200.3;1.3;1.2;
2/15/2016 11:13:41 AM;711;204.7;200.8;1.3;1.2;
2/15/2016 11:13:42 AM;712;205.2;201.5;1.3;1.2;
2/15/2016 11:13:43 AM;713;205.7;202.3;1.3;1.2;
2/15/2016 11:13:44 AM;714;206.4;203.0;1.3;1.2;
2/15/2016 11:13:45 AM;715;207.2;203.8;1.3;1.2;
2/15/2016 11:13:46 AM;716;208.5;204.6;1.3;1.2;
2/15/2016 11:13:47 AM;717;209.8;205.5;1.3;1.2;
2/15/2016 11:13:48 AM;718;211.3;206.4;1.3;1.2;
2/15/2016 11:13:49 AM;719;212.6;207.3;1.3;1.2;
2/15/2016 11:13:50 AM;720;214.0;208.2;1.3;1.2;
2/15/2016 11:13:51 AM;721;215.2;209.1;1.3;1.2;
2/15/2016 11:13:52 AM;722;216.2;210.1;1.3;1.2;
2/15/2016 11:13:53 AM;723;217.0;211.0;1.3;1.2;
2/15/2016 11:13:54 AM;724;218.8;211.9;1.3;1.2;
2/15/2016 11:13:55 AM;725;220.3;213.4;1.3;1.2;
2/15/2016 11:13:56 AM;726;221.7;214.5;1.3;1.2;
2/15/2016 11:13:57 AM;727;223.8;215.7;1.3;1.2;
2/15/2016 11:13:58 AM;728;226.0;217.2;1.3;1.2;
2/15/2016 11:13:59 AM;729;227.2;219.4;1.3;1.2;
2/15/2016 11:14:00 AM;730;228.1;221.5;1.3;1.2;
2/15/2016 11:14:01 AM;731;229.4;224.2;1.3;1.2;
2/15/2016 11:14:02 AM;732;230.9;226.5;1.3;1.2;
2/15/2016 11:14:03 AM;733;232.6;229.3;1.3;1.2;
2/15/2016 11:14:04 AM;734;234.3;231.3;1.3;1.2;
2/15/2016 11:14:05 AM;735;236.9;232.7;1.3;1.2;
2/15/2016 11:14:06 AM;736;238.8;234.3;1.3;1.2;
2/15/2016 11:14:07 AM;737;240.5;236.1;1.3;1.2;
2/15/2016 11:14:08 AM;738;243.1;237.1;1.3;1.2;
2/15/2016 11:14:09 AM;739;245.4;238.4;1.3;1.2;
2/15/2016 11:14:10 AM;740;248.0;240.6;1.3;1.2;
2/15/2016 11:14:11 AM;741;250.3;242.9;1.3;1.2;
2/15/2016 11:14:12 AM;742;252.6;245.5;1.3;1.2;
2/15/2016 11:14:13 AM;743;253.5;248.2;1.3;1.2;
2/15/2016 11:14:14 AM;744;254.6;250.8;1.3;1.2;
2/15/2016 11:14:15 AM;745;256.1;253.2;1.3;1.2;
2/15/2016 11:14:16 AM;746;258.1;255.3;1.3;1.2;
2/15/2016 11:14:17 AM;747;259.8;256.4;1.3;1.2;
2/15/2016 11:14:18 AM;748;262.2;257.8;1.3;1.2;
2/15/2016 11:14:19 AM;749;264.3;259.7;1.3;1.2;
2/15/2016 11:14:20 AM;750;265.2;261.1;1.3;1.2;
2/15/2016 11:14:21 AM;751;265.8;262.3;1.3;1.2;
2/15/2016 11:14:22 AM;752;268.2;264.3;1.3;1.2;
2/15/2016 11:14:23 AM;753;270.5;266.3;1.3;1.2;
2/15/2016 11:14:24 AM;754;272.9;267.8;1.3;1.2;
2/15/2016 11:14:25 AM;755;276.0;269.6;1.3;1.2;
2/15/2016 11:14:26 AM;756;278.1;271.6;1.3;1.2;
2/15/2016 11:14:27 AM;757;279.3;273.5;1.3;1.2;
2/15/2016 11:14:28 AM;758;279.6;275.0;1.3;1.2;
2/15/2016 11:14:29 AM;759;280.5;276.5;1.3;1.2;
2/15/2016 11:14:30 AM;760;282.0;278.0;1.3;1.2;
2/15/2016 11:14:31 AM;761;284.1;279.0;1.3;1.2;
2/15/2016 11:14:32 AM;762;285.8;279.7;1.3;1.2;
2/15/2016 11:14:33 AM;763;287.1;280.3;1.3;1.2;
2/15/2016 11:14:34 AM;764;288.0;281.5;1.3;1.2;
2/15/2016 11:14:35 AM;765;288.4;282.3;1.3;1.2;
2/15/2016 11:14:36 AM;766;288.8;283.2;1.3;1.2;
2/15/2016 11:14:37 AM;767;289.0;284.3;1.3;1.2;
2/15/2016 11:14:38 AM;768;289.7;285.4;1.3;1.2;
2/15/2016 11:14:39 AM;769;291.0;286.1;1.3;1.2;
2/15/2016 11:14:40 AM;770;291.5;286.6;1.3;1.2;
2/15/2016 11:14:41 AM;771;292.0;287.3;1.3;1.2;
2/15/2016 11:14:42 AM;772;292.3;288.0;1.3;1.2;
2/15/2016 11:14:43 AM;773;292.7;288.7;1.3;1.2;
2/15/2016 11:14:44 AM;774;292.2;289.2;1.3;1.2;
2/15/2016 11:14:45 AM;775;292.0;289.6;1.3;1.2;
2/15/2016 11:14:46 AM;776;291.7;290.0;1.3;1.2;
2/15/2016 11:14:47 AM;777;291.6;290.2;1.3;1.2;
2/15/2016 11:14:48 AM;778;291.4;290.3;1.3;1.2;
2/15/2016 11:14:49 AM;779;291.4;290.3;1.3;1.2;
2/15/2016 11:14:50 AM;780;291.4;290.6;1.3;1.2;
2/15/2016 11:14:51 AM;781;291.4;290.7;1.3;1.2;
2/15/2016 11:14:52 AM;782;291.1;290.7;1.3;1.2;
2/15/2016 11:14:53 AM;783;290.6;290.5;1.3;1.2;
2/15/2016 11:14:54 AM;784;289.9;290.2;1.3;1.2;
2/15/2016 11:14:55 AM;785;289.3;289.8;1.3;1.2;
2/15/2016 11:14:56 AM;786;288.6;289.3;1.3;1.2;
2/15/2016 11:14:57 AM;787;287.8;288.8;1.3;1.2;
2/15/2016 11:14:58 AM;788;287.1;288.3;1.3;1.2;
2/15/2016 11:14:59 AM;789;286.5;287.9;1.3;1.2;
2/15/2016 11:15:00 AM;790;285.9;287.5;1.3;1.2;
2/15/2016 11:15:01 AM;791;285.2;287.0;1.3;1.2;
2/15/2016 11:15:02 AM;792;284.5;286.5;1.3;1.2;
2/15/2016 11:15:03 AM;793;283.7;286.1;1.3;1.2;
2/15/2016 11:15:04 AM;794;282.5;285.6;1.3;1.2;
2/15/2016 11:15:05 AM;795;281.2;285.0;1.3;1.2;
2/15/2016 11:15:06 AM;796;280.1;284.5;1.3;1.2;
2/15/2016 11:15:07 AM;797;278.9;283.9;1.3;1.2;
2/15/2016 11:15:08 AM;798;277.9;283.4;1.3;1.2;
2/15/2016 11:15:09 AM;799;277.1;282.5;1.3;1.2;
2/15/2016 11:15:10 AM;800;276.3;281.7;1.3;1.2;
2/15/2016 11:15:11 AM;801;275.3;280.8;1.3;1.2;
2/15/2016 11:15:12 AM;802;274.3;279.8;1.3;1.2;
2/15/2016 11:15:13 AM;803;273.3;278.8;1.3;1.2;
2/15/2016 11:15:14 AM;804;272.2;278.1;1.3;1.2;
2/15/2016 11:15:15 AM;805;271.2;277.3;1.3;1.2;
2/15/2016 11:15:16 AM;806;270.5;276.5;1.3;1.2;
2/15/2016 11:15:17 AM;807;269.7;275.6;1.3;1.2;
2/15/2016 11:15:18 AM;808;269.0;274.6;1.3;1.2;
2/15/2016 11:15:19 AM;809;267.9;273.6;1.3;1.2;
2/15/2016 11:15:20 AM;810;266.8;272.4;1.3;1.2;
2/15/2016 11:15:21 AM;811;265.2;271.5;1.3;1.2;
2/15/2016 11:15:22 AM;812;263.9;270.5;1.3;1.2;
2/15/2016 11:15:23 AM;813;262.5;269.5;1.3;1.2;
2/15/2016 11:15:24 AM;814;261.4;268.4;1.3;1.2;
2/15/2016 11:15:25 AM;815;260.0;267.1;1.3;1.2;
2/15/2016 11:15:26 AM;816;259.0;265.8;1.3;1.2;
2/15/2016 11:15:27 AM;817;257.8;264.5;1.3;1.2;
2/15/2016 11:15:28 AM;818;257.0;263.3;1.3;1.2;
2/15/2016 11:15:29 AM;819;256.3;262.0;1.3;1.2;
2/15/2016 11:15:30 AM;820;255.7;261.2;1.3;1.2;
2/15/2016 11:15:31 AM;821;254.8;260.5;1.3;1.2;
2/15/2016 11:15:32 AM;822;254.0;259.8;1.3;1.2;
2/15/2016 11:15:33 AM;823;253.1;259.0;1.3;1.2;
2/15/2016 11:15:34 AM;824;252.5;258.3;1.3;1.2;
2/15/2016 11:15:35 AM;825;252.1;257.8;1.3;1.2;
2/15/2016 11:15:36 AM;826;251.9;257.1;1.3;1.2;
2/15/2016 11:15:37 AM;827;251.5;256.3;1.3;1.2;
2/15/2016 11:15:38 AM;828;250.9;255.8;1.3;1.2;
2/15/2016 11:15:39 AM;829;249.7;255.1;1.3;1.2;
2/15/2016 11:15:40 AM;830;248.4;254.1;1.3;1.2;
2/15/2016 11:15:41 AM;831;247.0;253.2;1.3;1.2;
2/15/2016 11:15:42 AM;832;245.9;252.4;1.3;1.2;
2/15/2016 11:15:43 AM;833;245.2;251.6;1.3;1.2;
2/15/2016 11:15:44 AM;834;244.4;250.9;1.3;1.2;
2/15/2016 11:15:45 AM;835;243.8;250.4;1.3;1.2;
2/15/2016 11:15:46 AM;836;243.5;249.6;1.3;1.2;
2/15/2016 11:15:47 AM;837;243.3;249.1;1.3;1.2;
2/15/2016 11:15:48 AM;838;242.6;248.6;1.3;1.2;
2/15/2016 11:15:49 AM;839;241.8;248.0;1.3;1.2;
2/15/2016 11:15:50 AM;840;241.1;247.2;1.3;1.2;
2/15/2016 11:15:51 AM;841;240.1;246.3;1.3;1.2;
2/15/2016 11:15:52 AM;842;239.1;245.3;1.3;1.2;
2/15/2016 11:15:53 AM;843;238.4;244.3;1.3;1.2;
2/15/2016 11:15:54 AM;844;237.9;243.2;1.3;1.2;
2/15/2016 11:15:55 AM;845;237.2;242.4;1.3;1.2;
2/15/2016 11:15:56 AM;846;236.8;241.7;1.3;1.2;
2/15/2016 11:15:57 AM;847;236.4;241.0;1.3;1.2;
2/15/2016 11:15:58 AM;848;235.8;240.2;1.3;1.2;
2/15/2016 11:15:59 AM;849;235.1;239.8;1.3;1.2;
2/15/2016 11:16:00 AM;850;234.8;239.3;1.3;1.2;
2/15/2016 11:16:01 AM;851;234.2;238.7;1.3;1.2;
2/15/2016 11:16:02 AM;852;233.6;238.1;1.3;1.2;
2/15/2016 11:16:03 AM;853;233.2;237.5;1.3;1.2;
2/15/2016 11:16:04 AM;854;232.9;236.8;1.3;1.2;
2/15/2016 11:16:05 AM;855;232.2;236.0;1.3;1.2;
2/15/2016 11:16:06 AM;856;231.6;235.4;1.3;1.2;
2/15/2016 11:16:07 AM;857;231.1;234.7;1.3;1.2;
2/15/2016 11:16:08 AM;858;230.6;234.2;1.3;1.2;
2/15/2016 11:16:09 AM;859;230.2;233.4;1.3;1.2;
2/15/2016 11:16:10 AM;860;229.8;232.7;1.3;1.2;
2/15/2016 11:16:11 AM;861;229.6;232.1;1.3;1.2;
2/15/2016 11:16:12 AM;862;229.2;231.5;1.3;1.2;
2/15/2016 11:16:13 AM;863;228.6;230.9;1.3;1.2;
2/15/2016 11:16:14 AM;864;228.0;230.4;1.3;1.2;
2/15/2016 11:16:15 AM;865;227.5;229.9;1.3;1.2;
2/15/2016 11:16:16 AM;866;226.9;229.4;1.3;1.2;
2/15/2016 11:16:17 AM;867;226.3;228.9;1.3;1.2;
2/15/2016 11:16:18 AM;868;226.0;228.3;1.3;1.2;
2/15/2016 11:16:19 AM;869;225.6;227.9;1.3;1.2;
2/15/2016 11:16:20 AM;870;225.1;227.4;1.3;1.2;
2/15/2016 11:16:21 AM;871;224.8;227.0;1.3;1.2;
2/15/2016 11:16:22 AM;872;224.5;226.6;1.3;1.2;
2/15/2016 11:16:23 AM;873;224.3;226.3;1.3;1.2;
2/15/2016 11:16:24 AM;874;224.0;225.8;1.3;1.2;
2/15/2016 11:16:25 AM;875;223.9;225.4;1.3;1.2;
2/15/2016 11:16:26 AM;876;223.9;224.9;1.3;1.2;
2/15/2016 11:16:27 AM;877;223.7;224.4;1.3;1.2;
2/15/2016 11:16:28 AM;878;223.4;223.8;1.3;1.2;
2/15/2016 11:16:29 AM;879;222.9;223.4;1.3;1.2;
2/15/2016 11:16:30 AM;880;222.5;223.1;1.3;1.2;
2/15/2016 11:16:31 AM;881;222.0;222.9;1.3;1.2;
2/15/2016 11:16:32 AM;882;221.7;222.7;1.3;1.2;
2/15/2016 11:16:33 AM;883;221.3;222.4;1.3;1.2;
2/15/2016 11:16:34 AM;884;221.0;222.1;1.3;1.2;
2/15/2016 11:16:35 AM;885;220.8;221.7;1.3;1.2;
2/15/2016 11:16:36 AM;886;220.5;221.4;1.3;1.2;
2/15/2016 11:16:37 AM;887;220.2;221.0;1.3;1.2;
2/15/2016 11:16:38 AM;888;220.0;220.7;1.3;1.2;
2/15/2016 11:16:39 AM;889;219.7;220.4;1.3;1.2;
2/15/2016 11:16:40 AM;890;219.4;220.1;1.3;1.2;
2/15/2016 11:16:41 AM;891;219.1;219.8;1.3;1.2;
2/15/2016 11:16:42 AM;892;219.1;219.5;1.3;1.2;
2/15/2016 11:16:43 AM;893;219.0;219.3;1.3;1.2;
2/15/2016 11:16:44 AM;894;218.7;219.1;1.3;1.2;
2/15/2016 11:16:45 AM;895;218.5;218.7;1.3;1.2;
2/15/2016 11:16:46 AM;896;218.2;218.4;1.3;1.2;
2/15/2016 11:16:47 AM;897;217.9;218.1;1.3;1.2;
2/15/2016 11:16:48 AM;898;217.6;217.8;1.3;1.2;
2/15/2016 11:16:49 AM;899;217.3;217.5;1.3;1.2;
2/15/2016 11:16:50 AM;900;217.1;217.2;1.3;1.2;
2/15/2016 11:16:51 AM;901;217.0;217.0;1.3;1.2;
2/15/2016 11:16:52 AM;902;216.6;216.7;1.3;1.2;
2/15/2016 11:16:53 AM;903;216.4;216.5;1.3;1.2;
2/15/2016 11:16:54 AM;904;216.3;216.2;1.3;1.2;
2/15/2016 11:16:55 AM;905;216.0;216.0;1.3;1.2;
2/15/2016 11:16:56 AM;906;215.9;215.7;1.3;1.2;
2/15/2016 11:16:57 AM;907;215.8;215.6;1.3;1.2;
2/15/2016 11:16:58 AM;908;215.7;215.4;1.3;1.2;
2/15/2016 11:16:59 AM;909;215.6;215.2;1.3;1.2;
2/15/2016 11:17:00 AM;910;215.4;215.1;1.3;1.2;
2/15/2016 11:17:01 AM;911;215.2;214.9;1.3;1.2;
2/15/2016 11:17:02 AM;912;215.0;214.7;1.3;1.2;
2/15/2016 11:17:03 AM;913;214.9;214.6;1.3;1.2;
2/15/2016 11:17:04 AM;914;214.8;214.5;1.3;1.2;
2/15/2016 11:17:05 AM;915;214.7;214.4;1.3;1.2;
2/15/2016 11:17:06 AM;916;214.6;214.2;1.3;1.2;
2/15/2016 11:17:07 AM;917;214.5;214.0;1.3;1.2;
2/15/2016 11:17:08 AM;918;214.4;213.8;1.3;1.2;
2/15/2016 11:17:09 AM;919;214.2;213.6;1.3;1.2;
2/15/2016 11:17:10 AM;920;214.0;213.4;1.3;1.2;
2/15/2016 11:17:11 AM;921;213.8;213.2;1.3;1.2;
2/15/2016 11:17:12 AM;922;213.7;213.1;1.3;1.2;
2/15/2016 11:17:13 AM;923;213.5;213.0;1.3;1.2;
2/15/2016 11:17:14 AM;924;213.3;212.9;1.3;1.2;
2/15/2016 11:17:15 AM;925;213.2;212.8;1.3;1.2;
2/15/2016 11:17:16 AM;926;213.1;212.6;1.3;1.2;
2/15/2016 11:17:17 AM;927;213.0;212.5;1.3;1.2;
2/15/2016 11:17:18 AM;928;213.0;212.4;1.3;1.2;
2/15/2016 11:17:19 AM;929;213.0;212.2;1.3;1.2;
2/15/2016 11:17:20 AM;930;212.9;212.1;1.3;1.2;
2/15/2016 11:17:21 AM;931;212.7;212.0;1.3;1.2;
2/15/2016 11:17:22 AM;932;212.6;211.8;1.3;1.2;
2/15/2016 11:17:23 AM;933;212.6;211.7;1.3;1.2;
2/15/2016 11:17:24 AM;934;212.4;211.6;1.3;1.2;
2/15/2016 11:17:25 AM;935;212.3;211.5;1.3;1.2;
2/15/2016 11:17:26 AM;936;212.2;211.4;1.3;1.2;
2/15/2016 11:17:27 AM;937;212.1;211.3;1.3;1.2;
2/15/2016 11:17:28 AM;938;212.0;211.2;1.3;1.2;
2/15/2016 11:17:29 AM;939;211.9;211.0;1.3;1.2;
2/15/2016 11:17:30 AM;940;211.8;210.9;1.3;1.2;
2/15/2016 11:17:31 AM;941;211.7;210.7;1.3;1.2;
2/15/2016 11:17:32 AM;942;211.6;210.6;1.3;1.2;
2/15/2016 11:17:33 AM;943;211.5;210.5;1.3;1.2;
2/15/2016 11:17:34 AM;944;211.5;210.4;1.3;1.2;
2/15/2016 11:17:35 AM;945;211.4;210.3;1.3;1.2;
2/15/2016 11:17:36 AM;946;211.3;210.2;1.3;1.2;
2/15/2016 11:17:37 AM;947;211.2;210.1;1.3;1.2;
2/15/2016 11:17:38 AM;948;211.0;210.0;1.3;1.2;
2/15/2016 11:17:39 AM;949;210.9;210.0;1.3;1.2;
2/15/2016 11:17:40 AM;950;210.9;209.9;1.3;1.2;
2/15/2016 11:17:41 AM;951;210.9;209.9;1.3;1.2;
2/15/2016 11:17:42 AM;952;210.8;209.8;1.3;1.2;
2/15/2016 11:17:43 AM;953;210.8;209.7;1.3;1.2;
2/15/2016 11:17:44 AM;954;210.9;209.7;1.3;1.2;
2/15/2016 11:17:45 AM;955;210.8;209.7;1.3;1.2;
2/15/2016 11:17:46 AM;956;210.7;209.6;1.3;1.2;
2/15/2016 11:17:47 AM;957;210.7;209.5;1.3;1.2;
2/15/2016 11:17:48 AM;958;210.7;209.4;1.3;1.2;
2/15/2016 11:17:49 AM;959;210.6;209.3;1.3;1.2;
2/15/2016 11:17:50 AM;960;210.5;209.2;1.3;1.2;
2/15/2016 11:17:51 AM;961;210.5;209.2;1.3;1.2;
2/15/2016 11:17:52 AM;962;210.4;209.1;1.3;1.2;
2/15/2016 11:17:53 AM;963;210.3;209.0;1.3;1.2;
2/15/2016 11:17:54 AM;964;210.2;208.9;1.3;1.2;
2/15/2016 11:17:55 AM;965;210.1;208.8;1.3;1.2;
2/15/2016 11:17:56 AM;966;210.0;208.8;1.3;1.2;
2/15/2016 11:17:57 AM;967;210.0;208.7;1.3;1.2;
2/15/2016 11:17:58 AM;968;209.9;208.7;1.3;1.2;
2/15/2016 11:17:59 AM;969;209.9;208.6;1.3;1.2;
2/15/2016 11:18:00 AM;970;209.9;208.6;1.3;1.2;
2/15/2016 11:18:01 AM;971;209.9;208.5;1.3;1.2;
2/15/2016 11:18:02 AM;972;209.8;208.4;1.3;1.2;
2/15/2016 11:18:03 AM;973;209.8;208.4;1.3;1.2;
2/15/2016 11:18:04 AM;974;209.7;208.3;1.3;1.2;
2/15/2016 11:18:05 AM;975;209.7;208.3;1.3;1.2;
2/15/2016 11:18:06 AM;976;209.7;208.2;1.3;1.2;
2/15/2016 11:18:07 AM;977;209.7;208.2;1.3;1.2;
2/15/2016 11:18:08 AM;978;209.6;208.2;1.3;1.2;
2/15/2016 11:18:09 AM;979;209.6;208.2;1.3;1.2;
2/15/2016 11:18:10 AM;980;209.5;208.1;1.3;1.2;
2/15/2016 11:18:11 AM;981;209.5;208.1;1.3;1.2;
2/15/2016 11:18:12 AM;982;209.5;208.0;1.3;1.2;
2/15/2016 11:18:13 AM;983;209.4;208.0;1.3;1.2;
2/15/2016 11:18:14 AM;984;209.4;208.0;1.3;1.2;
2/15/2016 11:18:15 AM;985;209.4;207.9;1.3;1.2;
2/15/2016 11:18:16 AM;986;209.3;207.9;1.3;1.2;
2/15/2016 11:18:17 AM;987;209.3;207.8;1.3;1.2;
2/15/2016 11:18:18 AM;988;209.3;207.8;1.3;1.2;
2/15/2016 11:18:19 AM;989;209.3;207.8;1.3;1.2;
2/15/2016 11:18:20 AM;990;209.3;207.7;1.3;1.2;
2/15/2016 11:18:21 AM;991;209.3;207.7;1.3;1.2;
2/15/2016 11:18:22 AM;992;209.3;207.6;1.3;1.2;
2/15/2016 11:18:23 AM;993;209.2;207.6;1.3;1.2;
2/15/2016 11:18:24 AM;994;209.1;207.6;1.3;1.2;
2/15/2016 11:18:25 AM;995;209.1;207.6;1.3;1.2;
2/15/2016 11:18:26 AM;996;209.1;207.6;1.3;1.2;
2/15/2016 11:18:27 AM;997;209.1;207.5;1.3;1.2;
2/15/2016 11:18:28 AM;998;209.0;207.5;1.3;1.2;
2/15/2016 11:18:29 AM;999;209.0;207.5;1.3;1.2;
2/15/2016 11:18:30 AM;1000;208.9;207.4;1.3;1.2;
2/15/2016 11:18:31 AM;1001;208.9;207.4;1.3;1.2;
2/15/2016 11:18:32 AM;1002;208.9;207.4;1.3;1.2;
2/15/2016 11:18:33 AM;1003;208.9;207.4;1.3;1.2;
2/15/2016 11:18:34 AM;1004;208.9;207.4;1.3;1.2;
2/15/2016 11:18:35 AM;1005;208.9;207.4;1.3;1.2;
2/15/2016 11:18:36 AM;1006;208.9;207.3;1.3;1.2;
2/15/2016 11:18:37 AM;1007;208.9;207.3;1.3;1.2;
2/15/2016 11:18:38 AM;1008;208.9;207.2;1.3;1.2;
2/15/2016 11:18:39 AM;1009;208.9;207.2;1.3;1.2;
2/15/2016 11:18:40 AM;1010;208.9;207.2;1.3;1.2;
2/15/2016 11:18:41 AM;1011;208.9;207.2;1.3;1.2;
2/15/2016 11:18:42 AM;1012;208.9;207.1;1.3;1.2;
2/15/2016 11:18:43 AM;1013;208.8;207.1;1.3;1.2;
2/15/2016 11:18:44 AM;1014;208.8;207.1;1.3;1.2;
2/15/2016 11:18:45 AM;1015;208.8;207.1;1.3;1.2;
2/15/2016 11:18:46 AM;1016;208.7;207.0;1.3;1.2;
2/15/2016 11:18:47 AM;1017;208.7;207.1;1.3;1.2;
2/15/2016 11:18:48 AM;1018;208.7;207.1;1.3;1.2;
2/15/2016 11:18:49 AM;1019;208.7;207.1;1.3;1.2;
2/15/2016 11:18:50 AM;1020;208.7;207.1;1.3;1.2;
2/15/2016 11:18:51 AM;1021;208.6;207.1;1.3;1.2;
2/15/2016 11:18:52 AM;1022;208.5;207.1;1.3;1.2;
2/15/2016 11:18:53 AM;1023;208.5;207.1;1.3;1.2;
2/15/2016 11:18:54 AM;1024;208.5;207.0;1.3;1.2;
2/15/2016 11:18:55 AM;1025;208.5;207.0;1.3;1.2;
2/15/2016 11:18:56 AM;1026;208.6;207.0;1.3;1.2;
2/15/2016 11:18:57 AM;1027;208.6;206.9;1.3;1.2;
2/15/2016 11:18:58 AM;1028;208.6;206.9;1.3;1.2;
2/15/2016 11:18:59 AM;1029;208.6;206.9;1.3;1.2;
2/15/2016 11:19:00 AM;1030;208.6;206.8;1.3;1.2;
2/15/2016 11:19:01 AM;1031;208.6;206.8;1.3;1.2;
2/15/2016 11:19:02 AM;1032;208.7;206.8;1.3;1.2;
2/15/2016 11:19:03 AM;1033;208.6;206.8;1.3;1.2;
2/15/2016 11:19:04 AM;1034;208.6;206.8;1.3;1.2;
2/15/2016 11:19:05 AM;1035;208.5;206.8;1.3;1.2;
2/15/2016 11:19:06 AM;1036;208.5;206.8;1.3;1.2;
2/15/2016 11:19:07 AM;1037;208.5;206.8;1.3;1.2;
2/15/2016 11:19:08 AM;1038;208.5;206.8;1.3;1.2;
2/15/2016 11:19:09 AM;1039;208.5;206.8;1.3;1.2;
2/15/2016 11:19:10 AM;1040;208.5;206.8;1.3;1.2;
2/15/2016 11:19:11 AM;1041;208.5;206.8;1.3;1.2;
2/15/2016 11:19:12 AM;1042;208.5;206.8;1.3;1.2;
2/15/2016 11:19:13 AM;1043;208.5;206.8;1.3;1.2;
2/15/2016 11:19:14 AM;1044;208.5;206.8;1.3;1.2;
2/15/2016 11:19:15 AM;1045;208.5;206.8;1.3;1.2;
2/15/2016 11:19:16 AM;1046;208.5;206.8;1.3;1.2;
2/15/2016 11:19:17 AM;1047;208.5;206.8;1.3;1.2;
2/15/2016 11:19:18 AM;1048;208.5;206.8;1.3;1.2;
2/15/2016 11:19:19 AM;1049;208.5;206.8;1.3;1.2;
2/15/2016 11:19:20 AM;1050;208.5;206.8;1.3;1.2;
2/15/2016 11:19:21 AM;1051;208.5;206.8;1.3;1.2;
2/15/2016 11:19:22 AM;1052;208.5;206.8;1.3;1.2;
2/15/2016 11:19:23 AM;1053;208.5;206.8;1.3;1.2;
2/15/2016 11:19:24 AM;1054;208.5;206.8;1.3;1.2;
2/15/2016 11:19:25 AM;1055;208.6;206.8;1.3;1.2;
2/15/2016 11:19:26 AM;1056;208.5;206.8;1.3;1.2;
2/15/2016 11:19:27 AM;1057;208.5;206.8;1.3;1.2;
2/15/2016 11:19:28 AM;1058;208.6;206.8;1.3;1.2;
2/15/2016 11:19:29 AM;1059;208.6;206.8;1.3;1.2;
2/15/2016 11:19:30 AM;1060;208.6;206.8;1.3;1.2;
2/15/2016 11:19:31 AM;1061;208.6;206.8;1.3;1.2;
2/15/2016 11:19:32 AM;1062;208.7;206.8;1.3;1.2;
2/15/2016 11:19:33 AM;1063;208.7;206.8;1.3;1.2;
2/15/2016 11:19:34 AM;1064;208.7;206.8;1.3;1.2;
2/15/2016 11:19:35 AM;1065;208.7;206.8;1.3;1.2;
2/15/2016 11:19:36 AM;1066;208.7;206.8;1.3;1.2;
2/15/2016 11:19:37 AM;1067;208.7;206.8;1.3;1.2;
2/15/2016 11:19:38 AM;1068;208.7;206.8;1.3;1.2;
2/15/2016 11:19:39 AM;1069;208.7;206.8;1.3;1.2;
2/15/2016 11:19:40 AM;1070;208.7;206.8;1.3;1.2;
2/15/2016 11:19:41 AM;1071;208.7;206.8;1.3;1.2;
2/15/2016 11:19:42 AM;1072;208.7;206.8;1.3;1.2;
2/15/2016 11:19:43 AM;1073;208.7;206.8;1.3;1.2;
2/15/2016 11:19:44 AM;1074;208.7;206.8;1.3;1.2;
2/15/2016 11:19:45 AM;1075;208.7;206.8;1.3;1.2;
2/15/2016 11:19:46 AM;1076;208.7;206.8;1.3;1.2;
2/15/2016 11:19:47 AM;1077;208.7;206.8;1.3;1.2;
2/15/2016 11:19:48 AM;1078;208.7;206.8;1.3;1.2;
2/15/2016 11:19:49 AM;1079;208.7;206.8;1.3;1.2;
2/15/2016 11:19:50 AM;1080;208.7;206.8;1.3;1.2;
2/15/2016 11:19:51 AM;1081;208.7;206.8;1.3;1.2;
2/15/2016 11:19:52 AM;1082;208.7;206.8;1.3;1.2;
2/15/2016 11:19:53 AM;1083;208.7;206.8;1.3;1.2;
2/15/2016 11:19:54 AM;1084;208.7;206.8;1.3;1.2;
2/15/2016 11:19:55 AM;1085;208.7;206.9;1.3;1.2;
2/15/2016 11:19:56 AM;1086;208.7;206.9;1.3;1.2;
2/15/2016 11:19:57 AM;1087;208.7;206.9;1.3;1.2;
2/15/2016 11:19:58 AM;1088;208.7;207.0;1.3;1.2;
2/15/2016 11:19:59 AM;1089;208.7;207.0;1.3;1.2;
2/15/2016 11:20:00 AM;1090;208.8;207.0;1.3;1.2;
2/15/2016 11:20:01 AM;1091;208.8;207.0;1.3;1.2;
2/15/2016 11:20:02 AM;1092;208.8;207.0;1.3;1.2;
2/15/2016 11:20:03 AM;1093;208.9;207.0;1.3;1.2;
2/15/2016 11:20:04 AM;1094;208.9;207.0;1.3;1.2;
2/15/2016 11:20:05 AM;1095;208.9;207.0;1.3;1.2;
2/15/2016 11:20:06 AM;1096;208.9;207.0;1.3;1.2;
2/15/2016 11:20:07 AM;1097;208.9;207.0;1.3;1.2;
2/15/2016 11:20:08 AM;1098;208.8;207.0;1.3;1.2;
2/15/2016 11:20:09 AM;1099;208.8;207.0;1.3;1.2;
2/15/2016 11:20:10 AM;1100;208.8;207.0;1.3;1.2;
2/15/2016 11:20:11 AM;1101;208.8;207.0;1.3;1.2;
2/15/2016 11:20:12 AM;1102;208.8;207.0;1.3;1.2;
2/15/2016 11:20:13 AM;1103;208.9;207.0;1.3;1.2;
2/15/2016 11:20:14 AM;1104;208.9;207.0;1.3;1.2;
2/15/2016 11:20:15 AM;1105;208.9;207.0;1.3;1.2;
2/15/2016 11:20:16 AM;1106;208.8;207.0;1.3;1.2;
2/15/2016 11:20:17 AM;1107;208.8;207.0;1.3;1.2;
2/15/2016 11:20:18 AM;1108;208.8;207.0;1.3;1.2;
2/15/2016 11:20:19 AM;1109;208.8;207.1;1.3;1.2;
2/15/2016 11:20:20 AM;1110;208.9;207.1;1.3;1.2;
2/15/2016 11:20:21 AM;1111;208.9;207.2;1.3;1.2;
2/15/2016 11:20:22 AM;1112;208.9;207.2;1.3;1.2;
2/15/2016 11:20:23 AM;1113;208.9;207.2;1.3;1.2;
2/15/2016 11:20:24 AM;1114;209.0;207.2;1.3;1.2;
2/15/2016 11:20:25 AM;1115;209.0;207.2;1.3;1.2;
2/15/2016 11:20:26 AM;1116;209.0;207.2;1.3;1.2;
2/15/2016 11:20:27 AM;1117;209.1;207.2;1.3;1.2;
2/15/2016 11:20:28 AM;1118;209.0;207.2;1.3;1.2;
2/15/2016 11:20:29 AM;1119;209.0;207.2;1.3;1.2;
2/15/2016 11:20:30 AM;1120;209.0;207.2;1.3;1.2;
2/15/2016 11:20:31 AM;1121;209.0;207.2;1.3;1.2;
2/15/2016 11:20:32 AM;1122;209.0;207.2;1.3;1.2;
2/15/2016 11:20:33 AM;1123;209.0;207.2;1.3;1.2;
2/15/2016 11:20:34 AM;1124;209.0;207.3;1.3;1.2;
2/15/2016 11:20:35 AM;1125;209.0;207.3;1.3;1.2;
2/15/2016 11:20:36 AM;1126;209.0;207.4;1.3;1.2;
2/15/2016 11:20:37 AM;1127;209.0;207.4;1.3;1.2;
2/15/2016 11:20:38 AM;1128;209.0;207.4;1.3;1.2;
2/15/2016 11:20:39 AM;1129;209.0;207.4;1.3;1.2;
2/15/2016 11:20:40 AM;1130;209.1;207.4;1.3;1.2;
2/15/2016 11:20:41 AM;1131;209.1;207.4;1.3;1.2;
2/15/2016 11:20:42 AM;1132;209.1;207.4;1.3;1.2;
2/15/2016 11:20:43 AM;1133;209.1;207.4;1.3;1.2;
2/15/2016 11:20:44 AM;1134;209.2;207.4;1.3;1.2;
2/15/2016 11:20:45 AM;1135;209.2;207.4;1.3;1.2;
2/15/2016 11:20:46 AM;1136;209.2;207.5;1.3;1.2;
2/15/2016 11:20:47 AM;1137;209.3;207.5;1.3;1.2;
2/15/2016 11:20:48 AM;1138;209.3;207.5;1.3;1.2;
2/15/2016 11:20:49 AM;1139;209.3;207.5;1.3;1.2;
2/15/2016 11:20:50 AM;1140;209.3;207.5;1.3;1.2;
2/15/2016 11:20:51 AM;1141;209.3;207.5;1.3;1.2;
2/15/2016 11:20:52 AM;1142;209.3;207.5;1.3;1.2;
2/15/2016 11:20:53 AM;1143;209.3;207.5;1.3;1.2;
2/15/2016 11:20:54 AM;1144;209.3;207.5;1.3;1.2;
2/15/2016 11:20:55 AM;1145;209.4;207.5;1.3;1.2;
2/15/2016 11:20:56 AM;1146;209.4;207.5;1.3;1.2;
2/15/2016 11:20:57 AM;1147;209.4;207.6;1.3;1.2;
2/15/2016 11:20:58 AM;1148;209.4;207.6;1.3;1.2;
2/15/2016 11:20:59 AM;1149;209.4;207.6;1.3;1.2;
2/15/2016 11:21:00 AM;1150;209.4;207.6;1.3;1.2;
2/15/2016 11:21:01 AM;1151;209.5;207.6;1.3;1.2;
2/15/2016 11:21:02 AM;1152;209.4;207.6;1.3;1.2;
2/15/2016 11:21:03 AM;1153;209.5;207.6;1.3;1.2;
2/15/2016 11:21:04 AM;1154;209.5;207.7;1.3;1.2;
2/15/2016 11:21:05 AM;1155;209.5;207.7;1.3;1.2;
2/15/2016 11:21:06 AM;1156;209.5;207.7;1.3;1.2;
2/15/2016 11:21:07 AM;1157;209.5;207.7;1.3;1.2;
2/15/2016 11:21:08 AM;1158;209.5;207.8;1.3;1.2;
2/15/2016 11:21:09 AM;1159;209.5;207.8;1.3;1.2;
2/15/2016 11:21:10 AM;1160;209.6;207.8;1.3;1.2;
2/15/2016 11:21:11 AM;1161;209.6;207.8;1.3;1.2;
2/15/2016 11:21:12 AM;1162;209.6;207.8;1.3;1.2;
2/15/2016 11:21:13 AM;1163;209.6;207.8;1.3;1.2;
2/15/2016 11:21:14 AM;1164;209.6;207.7;1.3;1.2;
2/15/2016 11:21:15 AM;1165;209.6;207.8;1.3;1.2;
2/15/2016 11:21:16 AM;1166;209.6;207.8;1.3;1.2;
2/15/2016 11:21:17 AM;1167;209.6;207.9;1.3;1.2;
2/15/2016 11:21:18 AM;1168;209.6;207.9;1.3;1.2;
2/15/2016 11:21:19 AM;1169;209.6;207.9;1.3;1.2;
2/15/2016 11:21:20 AM;1170;209.7;207.9;1.3;1.2;
2/15/2016 11:21:21 AM;1171;209.7;207.9;1.3;1.2;
2/15/2016 11:21:22 AM;1172;209.7;207.9;1.3;1.2;
2/15/2016 11:21:23 AM;1173;209.8;207.9;1.3;1.2;
2/15/2016 11:21:24 AM;1174;209.7;207.9;1.3;1.2;
2/15/2016 11:21:25 AM;1175;209.7;207.9;1.3;1.2;
2/15/2016 11:21:26 AM;1176;209.7;207.9;1.3;1.2;
2/15/2016 11:21:27 AM;1177;209.7;208.0;1.3;1.2;
2/15/2016 11:21:28 AM;1178;209.7;208.0;1.3;1.2;
2/15/2016 11:21:29 AM;1179;209.8;208.0;1.3;1.2;
2/15/2016 11:21:30 AM;1180;209.8;208.0;1.3;1.2;
2/15/2016 11:21:31 AM;1181;209.8;208.0;1.3;1.2;
2/15/2016 11:21:32 AM;1182;209.8;208.0;1.3;1.2;
2/15/2016 11:21:33 AM;1183;209.8;208.0;1.3;1.2;
2/15/2016 11:21:34 AM;1184;209.8;208.1;1.3;1.2;
2/15/2016 11:21:35 AM;1185;209.8;208.1;1.3;1.2;
2/15/2016 11:21:36 AM;1186;209.9;208.1;1.3;1.2;
2/15/2016 11:21:37 AM;1187;209.9;208.1;1.3;1.2;
2/15/2016 11:21:38 AM;1188;210.0;208.1;1.3;1.2;
2/15/2016 11:21:39 AM;1189;210.0;208.1;1.3;1.2;
2/15/2016 11:21:40 AM;1190;210.0;208.1;1.3;1.2;
2/15/2016 11:21:41 AM;1191;210.0;208.1;1.3;1.2;
2/15/2016 11:21:42 AM;1192;210.0;208.1;1.3;1.2;
2/15/2016 11:21:43 AM;1193;210.0;208.1;1.3;1.2;
2/15/2016 11:21:44 AM;1194;210.0;208.1;1.3;1.2;
2/15/2016 11:21:45 AM;1195;210.0;208.1;1.3;1.2;
2/15/2016 11:21:46 AM;1196;210.0;208.2;1.3;1.2;
2/15/2016 11:21:47 AM;1197;210.1;208.2;1.3;1.2;
2/15/2016 11:21:48 AM;1198;210.1;208.2;1.3;1.2;
2/15/2016 11:21:49 AM;1199;210.1;208.3;1.3;1.2;
2/15/2016 11:21:50 AM;1200;210.1;208.3;1.3;1.2;
2/15/2016 11:21:51 AM;1201;210.1;208.3;1.3;1.2;
2/15/2016 11:21:52 AM;1202;210.1;208.3;1.3;1.2;
2/15/2016 11:21:53 AM;1203;210.1;208.3;1.3;1.2;
2/15/2016 11:21:54 AM;1204;210.1;208.4;1.3;1.2;
2/15/2016 11:21:55 AM;1205;210.2;208.4;1.3;1.2;
2/15/2016 11:21:56 AM;1206;210.2;208.4;1.3;1.2;
2/15/2016 11:21:57 AM;1207;210.2;208.4;1.3;1.2;
2/15/2016 11:21:58 AM;1208;210.2;208.4;1.3;1.2;
2/15/2016 11:21:59 AM;1209;210.3;208.4;1.3;1.2;
2/15/2016 11:22:00 AM;1210;210.3;208.4;1.3;1.2;
2/15/2016 11:22:01 AM;1211;210.3;208.4;1.3;1.2;
2/15/2016 11:22:02 AM;1212;210.4;208.4;1.3;1.2;
2/15/2016 11:22:03 AM;1213;210.4;208.4;1.3;1.2;
2/15/2016 11:22:04 AM;1214;210.4;208.5;1.3;1.2;
2/15/2016 11:22:05 AM;1215;210.4;208.5;1.3;1.2;
2/15/2016 11:22:06 AM;1216;210.4;208.5;1.3;1.2;
2/15/2016 11:22:07 AM;1217;210.4;208.5;1.3;1.2;
2/15/2016 11:22:08 AM;1218;210.4;208.6;1.3;1.2;
2/15/2016 11:22:09 AM;1219;210.5;208.6;1.3;1.2;
2/15/2016 11:22:10 AM;1220;210.5;208.7;1.3;1.2;
2/15/2016 11:22:11 AM;1221;210.5;208.7;1.3;1.2;
2/15/2016 11:22:12 AM;1222;210.5;208.7;1.3;1.2;
2/15/2016 11:22:13 AM;1223;210.5;208.7;1.3;1.2;
2/15/2016 11:22:14 AM;1224;210.5;208.7;1.3;1.2;
2/15/2016 11:22:15 AM;1225;210.5;208.7;1.3;1.2;
2/15/2016 11:22:16 AM;1226;210.5;208.8;1.3;1.2;
2/15/2016 11:22:17 AM;1227;210.6;208.8;1.3;1.2;
2/15/2016 11:22:18 AM;1228;210.6;208.8;1.3;1.2;
2/15/2016 11:22:19 AM;1229;210.6;208.8;1.3;1.2;
2/15/2016 11:22:20 AM;1230;210.7;208.8;1.3;1.2;
2/15/2016 11:22:21 AM;1231;210.7;208.8;1.3;1.2;
2/15/2016 11:22:22 AM;1232;210.7;208.8;1.3;1.2;
2/15/2016 11:22:23 AM;1233;210.7;208.8;1.3;1.2;
2/15/2016 11:22:24 AM;1234;210.7;208.9;1.3;1.2;
2/15/2016 11:22:25 AM;1235;210.8;208.9;1.3;1.2;
2/15/2016 11:22:26 AM;1236;210.8;208.9;1.3;1.2;
2/15/2016 11:22:27 AM;1237;210.8;209.0;1.3;1.2;
2/15/2016 11:22:28 AM;1238;210.8;209.0;1.3;1.2;
2/15/2016 11:22:29 AM;1239;210.8;209.0;1.3;1.2;
2/15/2016 11:22:30 AM;1240;210.8;209.0;1.3;1.2;
2/15/2016 11:22:31 AM;1241;210.8;209.0;1.3;1.2;
2/15/2016 11:22:32 AM;1242;210.8;209.0;1.3;1.2;
2/15/2016 11:22:33 AM;1243;210.8;209.0;1.3;1.2;
2/15/2016 11:22:34 AM;1244;210.8;209.0;1.3;1.2;
2/15/2016 11:22:35 AM;1245;210.9;209.0;1.3;1.2;
2/15/2016 11:22:36 AM;1246;210.9;209.1;1.3;1.2;
2/15/2016 11:22:37 AM;1247;210.9;209.1;1.3;1.2;
2/15/2016 11:22:38 AM;1248;210.9;209.1;1.3;1.2;
2/15/2016 11:22:39 AM;1249;211.0;209.1;1.3;1.2;
2/15/2016 11:22:40 AM;1250;211.0;209.1;1.3;1.2;
2/15/2016 11:22:41 AM;1251;211.0;209.1;1.3;1.2;
2/15/2016 11:22:42 AM;1252;211.1;209.2;1.3;1.2;
2/15/2016 11:22:43 AM;1253;211.1;209.2;1.3;1.2;
2/15/2016 11:22:44 AM;1254;211.1;209.2;1.3;1.2;
2/15/2016 11:22:45 AM;1255;211.1;209.2;1.3;1.2;
2/15/2016 11:22:46 AM;1256;211.1;209.2;1.3;1.2;
2/15/2016 11:22:47 AM;1257;211.1;209.3;1.3;1.2;
2/15/2016 11:22:48 AM;1258;211.1;209.3;1.3;1.2;
2/15/2016 11:22:49 AM;1259;211.1;209.4;1.3;1.2;
2/15/2016 11:22:50 AM;1260;211.1;209.4;1.3;1.2;
2/15/2016 11:22:51 AM;1261;211.2;209.4;1.3;1.2;
2/15/2016 11:22:52 AM;1262;211.2;209.4;1.3;1.2;
2/15/2016 11:22:53 AM;1263;211.2;209.4;1.3;1.2;
2/15/2016 11:22:54 AM;1264;211.2;209.4;1.3;1.2;
2/15/2016 11:22:55 AM;1265;211.2;209.4;1.3;1.2;
2/15/2016 11:22:56 AM;1266;211.2;209.4;1.3;1.2;
2/15/2016 11:22:57 AM;1267;211.2;209.4;1.3;1.2;
2/15/2016 11:22:58 AM;1268;211.2;209.5;1.3;1.2;
2/15/2016 11:22:59 AM;1269;211.3;209.5;1.3;1.2;
2/15/2016 11:23:00 AM;1270;211.3;209.5;1.3;1.2;
2/15/2016 11:23:01 AM;1271;211.3;209.5;1.3;1.2;
2/15/2016 11:23:02 AM;1272;211.3;209.5;1.3;1.2;
2/15/2016 11:23:03 AM;1273;211.3;209.5;1.3;1.2;
2/15/2016 11:23:04 AM;1274;211.3;209.5;1.3;1.2;
2/15/2016 11:23:05 AM;1275;211.4;209.5;1.3;1.2;
2/15/2016 11:23:06 AM;1276;211.4;209.5;1.3;1.2;
2/15/2016 11:23:07 AM;1277;211.4;209.6;1.3;1.2;
2/15/2016 11:23:08 AM;1278;211.4;209.6;1.3;1.2;
2/15/2016 11:23:09 AM;1279;211.4;209.7;1.3;1.2;
2/15/2016 11:23:10 AM;1280;211.4;209.7;1.3;1.2;
2/15/2016 11:23:11 AM;1281;211.4;209.7;1.3;1.2;
2/15/2016 11:23:12 AM;1282;211.4;209.7;1.3;1.2;
2/15/2016 11:23:13 AM;1283;211.5;209.7;1.3;1.2;
2/15/2016 11:23:14 AM;1284;211.5;209.7;1.3;1.2;
2/15/2016 11:23:15 AM;1285;211.5;209.7;1.3;1.2;
2/15/2016 11:23:16 AM;1286;211.6;209.7;1.3;1.2;
2/15/2016 11:23:17 AM;1287;211.6;209.7;1.3;1.2;
2/15/2016 11:23:18 AM;1288;211.6;209.8;1.3;1.2;
2/15/2016 11:23:19 AM;1289;211.6;209.8;1.3;1.2;
2/15/2016 11:23:20 AM;1290;211.6;209.9;1.3;1.2;
2/15/2016 11:23:21 AM;1291;211.6;209.9;1.3;1.2;
2/15/2016 11:23:22 AM;1292;211.6;209.9;1.3;1.2;
2/15/2016 11:23:23 AM;1293;211.6;209.9;1.3;1.2;
2/15/2016 11:23:24 AM;1294;211.7;209.9;1.3;1.2;
2/15/2016 11:23:25 AM;1295;211.7;209.9;1.3;1.2;
2/15/2016 11:23:26 AM;1296;211.7;209.9;1.3;1.2;
2/15/2016 11:23:27 AM;1297;211.7;209.9;1.3;1.2;
2/15/2016 11:23:28 AM;1298;211.8;210.0;1.3;1.2;
2/15/2016 11:23:29 AM;1299;211.8;210.0;1.3;1.2;
2/15/2016 11:23:30 AM;1300;211.8;210.0;1.3;1.2;
2/15/2016 11:23:31 AM;1301;211.8;210.0;1.3;1.2;
2/15/2016 11:23:32 AM;1302;211.8;210.1;1.3;1.2;
2/15/2016 11:23:33 AM;1303;211.8;210.1;1.3;1.2;
2/15/2016 11:23:34 AM;1304;211.9;210.1;1.3;1.2;
2/15/2016 11:23:35 AM;1305;211.9;210.1;1.3;1.2;
2/15/2016 11:23:36 AM;1306;;210.1;;1.2;
