Meas Point;Vol.;Conc.;Cond. G;Temp. G;Cond. H;Temp. H;
;ml;mg/l;µS/cm;°C;µS/cm;°C;
0;500.0;0.00;48.8;3.3;49.0;3.2;
1;500.5;5.00;58.6;3.4;58.9;3.3;
2;501.0;9.98;69.1;3.4;69.3;3.3;
3;501.5;14.96;79.3;3.4;79.6;3.3;
4;502.0;19.92;89.6;3.5;89.9;3.4;
5;502.5;24.88;100.0;3.5;100.3;3.4;
6;503.0;29.82;110.2;3.5;110.5;3.4;

Date/Time;Meas Point;Cond. G;Cond. H;Temp. G;Temp. H;
4/13/2016 4:03:45 PM;0;48.1;48.2;2.6;2.4;
4/13/2016 4:03:46 PM;1;48.1;48.2;2.6;2.4;
4/13/2016 4:03:47 PM;2;48.1;48.2;2.6;2.4;
4/13/2016 4:03:48 PM;3;48.1;48.2;2.6;2.5;
4/13/2016 4:03:49 PM;4;48.1;48.2;2.6;2.4;
4/13/2016 4:03:50 PM;5;48.1;48.2;2.6;2.4;
4/13/2016 4:03:51 PM;6;48.1;48.2;2.6;2.4;
4/13/2016 4:03:52 PM;7;48.1;48.2;2.6;2.4;
4/13/2016 4:03:53 PM;8;48.1;48.2;2.6;2.4;
4/13/2016 4:03:54 PM;9;48.1;48.2;2.6;2.5;
4/13/2016 4:03:55 PM;10;48.1;48.2;2.6;2.5;
4/13/2016 4:03:56 PM;11;48.1;48.2;2.6;2.5;
4/13/2016 4:03:57 PM;12;48.1;48.2;2.6;2.5;
4/13/2016 4:03:58 PM;13;48.1;48.2;2.6;2.5;
4/13/2016 4:03:59 PM;14;48.1;48.2;2.6;2.5;
4/13/2016 4:04:00 PM;15;48.1;48.2;2.6;2.5;
4/13/2016 4:04:01 PM;16;48.1;48.2;2.6;2.5;
4/13/2016 4:04:02 PM;17;48.1;48.2;2.6;2.4;
4/13/2016 4:04:03 PM;18;48.1;48.2;2.6;2.4;
4/13/2016 4:04:04 PM;19;48.1;48.2;2.5;2.4;
4/13/2016 4:04:05 PM;20;48.1;48.2;2.5;2.4;
4/13/2016 4:04:06 PM;21;48.1;48.2;2.5;2.4;
4/13/2016 4:04:07 PM;22;48.1;48.2;2.5;2.4;
4/13/2016 4:04:08 PM;23;48.1;48.2;2.5;2.4;
4/13/2016 4:04:09 PM;24;48.1;48.2;2.6;2.4;
4/13/2016 4:04:10 PM;25;48.1;48.2;2.5;2.4;
4/13/2016 4:04:11 PM;26;48.1;48.2;2.5;2.4;
4/13/2016 4:04:12 PM;27;48.1;48.2;2.5;2.4;
4/13/2016 4:04:13 PM;28;48.1;48.2;2.5;2.4;
4/13/2016 4:04:14 PM;29;48.1;48.2;2.5;2.4;
4/13/2016 4:04:15 PM;30;48.1;48.2;2.5;2.4;
4/13/2016 4:04:16 PM;31;48.1;48.2;2.5;2.4;
4/13/2016 4:04:17 PM;32;48.1;48.2;2.5;2.4;
4/13/2016 4:04:18 PM;33;48.0;48.2;2.5;2.4;
4/13/2016 4:04:19 PM;34;48.0;48.2;2.5;2.4;
4/13/2016 4:04:20 PM;35;48.0;48.2;2.5;2.4;
4/13/2016 4:04:21 PM;36;48.0;48.2;2.5;2.4;
4/13/2016 4:04:22 PM;37;48.0;48.3;2.5;2.4;
4/13/2016 4:04:23 PM;38;48.1;48.3;2.5;2.4;
4/13/2016 4:04:24 PM;39;48.1;48.3;2.5;2.4;
4/13/2016 4:04:25 PM;40;48.1;48.3;2.5;2.4;
4/13/2016 4:04:26 PM;41;48.1;48.3;2.5;2.4;
4/13/2016 4:04:27 PM;42;48.1;48.3;2.5;2.4;
4/13/2016 4:04:28 PM;43;48.1;48.2;2.5;2.4;
4/13/2016 4:04:29 PM;44;48.1;48.2;2.5;2.4;
4/13/2016 4:04:30 PM;45;48.1;48.2;2.5;2.4;
4/13/2016 4:04:31 PM;46;48.1;48.2;2.5;2.4;
4/13/2016 4:04:32 PM;47;48.1;48.2;2.5;2.4;
4/13/2016 4:04:33 PM;48;48.1;48.2;2.5;2.4;
4/13/2016 4:04:34 PM;49;48.1;48.2;2.5;2.4;
4/13/2016 4:04:35 PM;50;48.1;48.2;2.5;2.4;
4/13/2016 4:04:36 PM;51;48.1;48.2;2.5;2.4;
4/13/2016 4:04:37 PM;52;48.1;48.2;2.5;2.4;
4/13/2016 4:04:38 PM;53;48.1;48.2;2.5;2.4;
4/13/2016 4:04:39 PM;54;48.1;48.2;2.5;2.4;
4/13/2016 4:04:40 PM;55;48.1;48.2;2.5;2.4;
4/13/2016 4:04:41 PM;56;48.1;48.2;2.5;2.4;
4/13/2016 4:04:42 PM;57;48.1;48.2;2.5;2.4;
4/13/2016 4:04:43 PM;58;48.1;48.2;2.5;2.4;
4/13/2016 4:04:44 PM;59;48.1;48.2;2.5;2.4;
4/13/2016 4:04:45 PM;60;48.0;48.3;2.5;2.4;
4/13/2016 4:04:46 PM;61;48.0;48.3;2.5;2.4;
4/13/2016 4:04:47 PM;62;48.0;48.3;2.5;2.4;
4/13/2016 4:04:48 PM;63;48.0;48.3;2.5;2.4;
4/13/2016 4:04:49 PM;64;48.0;48.3;2.5;2.4;
4/13/2016 4:04:50 PM;65;48.1;48.3;2.5;2.4;
4/13/2016 4:04:51 PM;66;48.0;48.3;2.5;2.4;
4/13/2016 4:04:52 PM;67;48.0;48.3;2.5;2.4;
4/13/2016 4:04:53 PM;68;48.0;48.3;2.5;2.4;
4/13/2016 4:04:54 PM;69;48.0;48.3;2.5;2.4;
4/13/2016 4:04:55 PM;70;48.0;48.3;2.5;2.4;
4/13/2016 4:04:56 PM;71;48.1;48.3;2.5;2.4;
4/13/2016 4:04:57 PM;72;48.1;48.3;2.5;2.4;
4/13/2016 4:04:58 PM;73;48.1;48.3;2.5;2.4;
4/13/2016 4:04:59 PM;74;48.1;48.3;2.5;2.4;
4/13/2016 4:05:00 PM;75;48.1;48.3;2.5;2.4;
4/13/2016 4:05:01 PM;76;48.1;48.3;2.5;2.4;
4/13/2016 4:05:02 PM;77;48.1;48.3;2.5;2.4;
4/13/2016 4:05:03 PM;78;48.1;48.3;2.5;2.4;
4/13/2016 4:05:04 PM;79;48.1;48.2;2.5;2.4;
4/13/2016 4:05:05 PM;80;48.1;48.2;2.5;2.4;
4/13/2016 4:05:06 PM;81;48.0;48.2;2.5;2.4;
4/13/2016 4:05:07 PM;82;48.0;48.2;2.5;2.4;
4/13/2016 4:05:08 PM;83;48.0;48.2;2.5;2.4;
4/13/2016 4:05:09 PM;84;48.0;48.3;2.5;2.4;
4/13/2016 4:05:10 PM;85;48.0;48.3;2.5;2.4;
4/13/2016 4:05:11 PM;86;48.1;48.3;2.5;2.4;
4/13/2016 4:05:12 PM;87;48.1;48.3;2.5;2.4;
4/13/2016 4:05:13 PM;88;48.1;48.3;2.5;2.4;
4/13/2016 4:05:14 PM;89;48.1;48.3;2.5;2.4;
4/13/2016 4:05:15 PM;90;48.1;48.3;2.5;2.4;
4/13/2016 4:05:16 PM;91;48.1;48.2;2.5;2.4;
4/13/2016 4:05:17 PM;92;48.1;48.2;2.5;2.4;
4/13/2016 4:05:18 PM;93;48.1;48.2;2.5;2.4;
4/13/2016 4:05:19 PM;94;48.1;48.2;2.5;2.4;
4/13/2016 4:05:20 PM;95;48.1;48.2;2.5;2.4;
4/13/2016 4:05:21 PM;96;48.1;48.2;2.5;2.4;
4/13/2016 4:05:22 PM;97;48.1;48.2;2.5;2.4;
4/13/2016 4:05:23 PM;98;48.1;48.2;2.5;2.4;
4/13/2016 4:05:24 PM;99;48.1;48.3;2.5;2.4;
4/13/2016 4:05:25 PM;100;48.1;48.3;2.5;2.4;
4/13/2016 4:05:26 PM;101;48.1;48.3;2.5;2.4;
4/13/2016 4:05:27 PM;102;48.1;48.2;2.5;2.4;
4/13/2016 4:05:28 PM;103;48.1;48.2;2.5;2.4;
4/13/2016 4:05:29 PM;104;48.1;48.2;2.5;2.4;
4/13/2016 4:05:30 PM;105;48.0;48.2;2.5;2.4;
4/13/2016 4:05:31 PM;106;48.0;48.2;2.5;2.4;
4/13/2016 4:05:32 PM;107;48.0;48.2;2.5;2.4;
4/13/2016 4:05:33 PM;108;48.0;48.2;2.5;2.4;
4/13/2016 4:05:34 PM;109;48.0;48.2;2.5;2.4;
4/13/2016 4:05:35 PM;110;48.1;48.2;2.5;2.4;
4/13/2016 4:05:36 PM;111;48.0;48.2;2.5;2.4;
4/13/2016 4:05:37 PM;112;48.0;48.2;2.5;2.4;
4/13/2016 4:05:38 PM;113;48.0;48.2;2.5;2.4;
4/13/2016 4:05:39 PM;114;48.0;48.2;2.5;2.4;
4/13/2016 4:05:40 PM;115;48.0;48.2;2.5;2.4;
4/13/2016 4:05:41 PM;116;48.0;48.2;2.5;2.4;
4/13/2016 4:05:42 PM;117;48.0;48.2;2.5;2.4;
4/13/2016 4:05:43 PM;118;48.0;48.3;2.5;2.4;
4/13/2016 4:05:44 PM;119;48.1;48.2;2.5;2.4;
4/13/2016 4:05:45 PM;120;48.1;48.2;2.5;2.4;
4/13/2016 4:05:46 PM;121;48.1;48.2;2.5;2.4;
4/13/2016 4:05:47 PM;122;48.1;48.2;2.5;2.4;
4/13/2016 4:05:48 PM;123;48.1;48.3;2.5;2.4;
4/13/2016 4:05:49 PM;124;48.1;48.3;2.5;2.4;
4/13/2016 4:05:50 PM;125;48.1;48.3;2.5;2.4;
4/13/2016 4:05:51 PM;126;48.1;48.4;2.5;2.4;
4/13/2016 4:05:52 PM;127;48.1;48.5;2.5;2.4;
4/13/2016 4:05:53 PM;128;48.1;48.6;2.5;2.4;
4/13/2016 4:05:54 PM;129;48.1;48.8;2.5;2.4;
4/13/2016 4:05:55 PM;130;48.0;49.0;2.5;2.4;
4/13/2016 4:05:56 PM;131;48.0;49.3;2.5;2.4;
4/13/2016 4:05:57 PM;132;48.0;49.7;2.5;2.4;
4/13/2016 4:05:58 PM;133;48.0;50.2;2.5;2.4;
4/13/2016 4:05:59 PM;134;48.0;50.8;2.5;2.4;
4/13/2016 4:06:00 PM;135;48.1;51.6;2.5;2.4;
4/13/2016 4:06:01 PM;136;48.1;52.5;2.5;2.4;
4/13/2016 4:06:02 PM;137;48.1;53.6;2.5;2.4;
4/13/2016 4:06:03 PM;138;48.1;54.8;2.5;2.4;
4/13/2016 4:06:04 PM;139;48.1;56.0;2.5;2.4;
4/13/2016 4:06:05 PM;140;48.1;57.4;2.5;2.4;
4/13/2016 4:06:06 PM;141;48.1;59.1;2.5;2.4;
4/13/2016 4:06:07 PM;142;48.2;60.9;2.5;2.4;
4/13/2016 4:06:08 PM;143;48.3;62.8;2.5;2.4;
4/13/2016 4:06:09 PM;144;48.4;65.0;2.5;2.4;
4/13/2016 4:06:10 PM;145;48.4;67.6;2.5;2.4;
4/13/2016 4:06:11 PM;146;48.5;69.8;2.5;2.4;
4/13/2016 4:06:12 PM;147;48.5;72.0;2.5;2.4;
4/13/2016 4:06:13 PM;148;48.6;74.7;2.5;2.4;
4/13/2016 4:06:14 PM;149;48.6;77.1;2.5;2.4;
4/13/2016 4:06:15 PM;150;48.7;79.4;2.5;2.4;
4/13/2016 4:06:16 PM;151;48.8;82.1;2.5;2.4;
4/13/2016 4:06:17 PM;152;48.9;85.0;2.5;2.4;
4/13/2016 4:06:18 PM;153;49.0;87.7;2.5;2.4;
4/13/2016 4:06:19 PM;154;49.1;90.4;2.5;2.4;
4/13/2016 4:06:20 PM;155;49.3;92.8;2.5;2.4;
4/13/2016 4:06:21 PM;156;49.6;95.1;2.5;2.4;
4/13/2016 4:06:22 PM;157;50.0;97.3;2.5;2.4;
4/13/2016 4:06:23 PM;158;50.3;99.2;2.5;2.4;
4/13/2016 4:06:24 PM;159;50.8;101.2;2.5;2.4;
4/13/2016 4:06:25 PM;160;51.3;103.1;2.5;2.4;
4/13/2016 4:06:26 PM;161;51.5;104.8;2.5;2.4;
4/13/2016 4:06:27 PM;162;51.8;106.4;2.5;2.4;
4/13/2016 4:06:28 PM;163;52.8;108.1;2.5;2.4;
4/13/2016 4:06:29 PM;164;53.6;109.6;2.5;2.4;
4/13/2016 4:06:30 PM;165;54.4;111.0;2.5;2.4;
4/13/2016 4:06:31 PM;166;55.2;112.2;2.5;2.4;
4/13/2016 4:06:32 PM;167;56.0;113.1;2.5;2.4;
4/13/2016 4:06:33 PM;168;56.3;113.8;2.5;2.4;
4/13/2016 4:06:34 PM;169;56.6;114.3;2.5;2.4;
4/13/2016 4:06:35 PM;170;57.1;114.7;2.5;2.4;
4/13/2016 4:06:36 PM;171;57.6;115.0;2.5;2.4;
4/13/2016 4:06:37 PM;172;58.6;115.2;2.5;2.4;
4/13/2016 4:06:38 PM;173;59.8;115.2;2.5;2.4;
4/13/2016 4:06:39 PM;174;61.8;115.1;2.5;2.4;
4/13/2016 4:06:40 PM;175;63.5;114.8;2.5;2.4;
4/13/2016 4:06:41 PM;176;65.1;114.4;2.5;2.4;
4/13/2016 4:06:42 PM;177;66.2;113.9;2.5;2.4;
4/13/2016 4:06:43 PM;178;66.5;113.3;2.5;2.4;
4/13/2016 4:06:44 PM;179;65.9;112.6;2.5;2.4;
4/13/2016 4:06:45 PM;180;65.5;111.9;2.5;2.4;
4/13/2016 4:06:46 PM;181;65.9;111.0;2.5;2.4;
4/13/2016 4:06:47 PM;182;66.8;110.1;2.5;2.4;
4/13/2016 4:06:48 PM;183;68.2;109.0;2.5;2.4;
4/13/2016 4:06:49 PM;184;69.8;108.0;2.5;2.4;
4/13/2016 4:06:50 PM;185;71.3;107.0;2.5;2.4;
4/13/2016 4:06:51 PM;186;72.1;106.0;2.5;2.4;
4/13/2016 4:06:52 PM;187;72.5;104.8;2.5;2.4;
4/13/2016 4:06:53 PM;188;72.6;103.8;2.5;2.4;
4/13/2016 4:06:54 PM;189;72.5;102.5;2.5;2.4;
4/13/2016 4:06:55 PM;190;72.9;101.3;2.5;2.4;
4/13/2016 4:06:56 PM;191;73.3;100.2;2.5;2.4;
4/13/2016 4:06:57 PM;192;73.4;99.0;2.5;2.4;
4/13/2016 4:06:58 PM;193;74.0;97.8;2.5;2.4;
4/13/2016 4:06:59 PM;194;74.3;96.7;2.5;2.4;
4/13/2016 4:07:00 PM;195;74.1;95.4;2.5;2.4;
4/13/2016 4:07:01 PM;196;73.7;94.2;2.5;2.4;
4/13/2016 4:07:02 PM;197;74.4;93.1;2.5;2.4;
4/13/2016 4:07:03 PM;198;74.7;91.8;2.5;2.4;
4/13/2016 4:07:04 PM;199;75.4;90.7;2.5;2.4;
4/13/2016 4:07:05 PM;200;76.2;89.6;2.5;2.4;
4/13/2016 4:07:06 PM;201;76.9;88.5;2.5;2.4;
4/13/2016 4:07:07 PM;202;77.0;87.3;2.5;2.4;
4/13/2016 4:07:08 PM;203;76.6;86.3;2.5;2.4;
4/13/2016 4:07:09 PM;204;76.2;85.4;2.5;2.4;
4/13/2016 4:07:10 PM;205;76.0;84.3;2.5;2.4;
4/13/2016 4:07:11 PM;206;75.9;83.4;2.5;2.4;
4/13/2016 4:07:12 PM;207;75.8;82.4;2.5;2.4;
4/13/2016 4:07:13 PM;208;75.9;81.3;2.5;2.4;
4/13/2016 4:07:14 PM;209;76.3;80.2;2.5;2.4;
4/13/2016 4:07:15 PM;210;76.6;79.2;2.5;2.4;
4/13/2016 4:07:16 PM;211;76.9;78.3;2.5;2.4;
4/13/2016 4:07:17 PM;212;77.1;77.5;2.5;2.4;
4/13/2016 4:07:18 PM;213;77.3;76.7;2.5;2.4;
4/13/2016 4:07:19 PM;214;77.2;76.0;2.5;2.4;
4/13/2016 4:07:20 PM;215;77.2;75.3;2.5;2.4;
4/13/2016 4:07:21 PM;216;77.2;74.6;2.5;2.4;
4/13/2016 4:07:22 PM;217;77.2;73.7;2.5;2.4;
4/13/2016 4:07:23 PM;218;77.2;73.0;2.5;2.4;
4/13/2016 4:07:24 PM;219;77.3;72.2;2.5;2.4;
4/13/2016 4:07:25 PM;220;77.3;71.6;2.5;2.4;
4/13/2016 4:07:26 PM;221;77.3;70.9;2.5;2.4;
4/13/2016 4:07:27 PM;222;77.3;70.4;2.5;2.4;
4/13/2016 4:07:28 PM;223;77.3;69.8;2.5;2.4;
4/13/2016 4:07:29 PM;224;77.2;69.2;2.5;2.4;
4/13/2016 4:07:30 PM;225;77.1;68.6;2.5;2.4;
4/13/2016 4:07:31 PM;226;76.9;68.0;2.5;2.4;
4/13/2016 4:07:32 PM;227;76.8;67.4;2.5;2.4;
4/13/2016 4:07:33 PM;228;76.6;66.8;2.5;2.4;
4/13/2016 4:07:34 PM;229;76.5;66.2;2.5;2.4;
4/13/2016 4:07:35 PM;230;76.5;65.8;2.5;2.4;
4/13/2016 4:07:36 PM;231;76.5;65.4;2.5;2.4;
4/13/2016 4:07:37 PM;232;76.4;64.9;2.5;2.4;
4/13/2016 4:07:38 PM;233;76.3;64.4;2.5;2.4;
4/13/2016 4:07:39 PM;234;76.1;64.0;2.5;2.4;
4/13/2016 4:07:40 PM;235;75.8;63.6;2.5;2.4;
4/13/2016 4:07:41 PM;236;75.5;63.1;2.5;2.4;
4/13/2016 4:07:42 PM;237;75.3;62.7;2.5;2.4;
4/13/2016 4:07:43 PM;238;75.1;62.3;2.5;2.4;
4/13/2016 4:07:44 PM;239;74.9;62.0;2.5;2.4;
4/13/2016 4:07:45 PM;240;74.9;61.6;2.5;2.4;
4/13/2016 4:07:46 PM;241;75.0;61.2;2.5;2.4;
4/13/2016 4:07:47 PM;242;75.1;60.9;2.5;2.4;
4/13/2016 4:07:48 PM;243;75.2;60.6;2.5;2.4;
4/13/2016 4:07:49 PM;244;75.0;60.2;2.5;2.4;
4/13/2016 4:07:50 PM;245;74.7;59.8;2.5;2.4;
4/13/2016 4:07:51 PM;246;74.1;59.5;2.5;2.4;
4/13/2016 4:07:52 PM;247;73.5;59.2;2.5;2.4;
4/13/2016 4:07:53 PM;248;73.0;59.0;2.5;2.4;
4/13/2016 4:07:54 PM;249;72.6;58.7;2.5;2.4;
4/13/2016 4:07:55 PM;250;72.4;58.5;2.5;2.4;
4/13/2016 4:07:56 PM;251;72.2;58.3;2.5;2.4;
4/13/2016 4:07:57 PM;252;72.3;58.0;2.5;2.4;
4/13/2016 4:07:58 PM;253;72.4;57.8;2.5;2.4;
4/13/2016 4:07:59 PM;254;72.2;57.6;2.5;2.4;
4/13/2016 4:08:00 PM;255;72.2;57.4;2.5;2.4;
4/13/2016 4:08:01 PM;256;71.8;57.2;2.5;2.4;
4/13/2016 4:08:02 PM;257;71.1;57.0;2.5;2.4;
4/13/2016 4:08:03 PM;258;70.5;56.7;2.5;2.4;
4/13/2016 4:08:04 PM;259;70.1;56.5;2.5;2.4;
4/13/2016 4:08:05 PM;260;69.7;56.3;2.5;2.4;
4/13/2016 4:08:06 PM;261;69.9;56.1;2.5;2.4;
4/13/2016 4:08:07 PM;262;70.1;55.8;2.5;2.4;
4/13/2016 4:08:08 PM;263;70.1;55.6;2.5;2.4;
4/13/2016 4:08:09 PM;264;70.0;55.4;2.5;2.4;
4/13/2016 4:08:10 PM;265;69.8;55.2;2.5;2.4;
4/13/2016 4:08:11 PM;266;69.4;55.1;2.5;2.4;
4/13/2016 4:08:12 PM;267;69.1;54.9;2.5;2.4;
4/13/2016 4:08:13 PM;268;68.9;54.8;2.5;2.4;
4/13/2016 4:08:14 PM;269;68.9;54.7;2.5;2.4;
4/13/2016 4:08:15 PM;270;68.9;54.6;2.5;2.4;
4/13/2016 4:08:16 PM;271;68.9;54.4;2.5;2.4;
4/13/2016 4:08:17 PM;272;68.9;54.3;2.5;2.4;
4/13/2016 4:08:18 PM;273;68.9;54.1;2.5;2.4;
4/13/2016 4:08:19 PM;274;68.9;54.0;2.5;2.4;
4/13/2016 4:08:20 PM;275;68.5;53.8;2.5;2.4;
4/13/2016 4:08:21 PM;276;68.1;53.7;2.5;2.4;
4/13/2016 4:08:22 PM;277;67.7;53.6;2.5;2.4;
4/13/2016 4:08:23 PM;278;67.2;53.5;2.5;2.4;
4/13/2016 4:08:24 PM;279;66.5;53.4;2.5;2.4;
4/13/2016 4:08:25 PM;280;66.3;53.3;2.5;2.4;
4/13/2016 4:08:26 PM;281;65.9;53.2;2.5;2.4;
4/13/2016 4:08:27 PM;282;65.5;53.1;2.5;2.4;
4/13/2016 4:08:28 PM;283;65.3;53.0;2.5;2.4;
4/13/2016 4:08:29 PM;284;65.2;52.9;2.5;2.4;
4/13/2016 4:08:30 PM;285;64.9;52.7;2.5;2.4;
4/13/2016 4:08:31 PM;286;64.8;52.6;2.5;2.4;
4/13/2016 4:08:32 PM;287;64.7;52.5;2.5;2.4;
4/13/2016 4:08:33 PM;288;64.7;52.4;2.5;2.4;
4/13/2016 4:08:34 PM;289;64.7;52.3;2.5;2.4;
4/13/2016 4:08:35 PM;290;64.8;52.2;2.5;2.4;
4/13/2016 4:08:36 PM;291;64.9;52.2;2.5;2.4;
4/13/2016 4:08:37 PM;292;64.9;52.1;2.5;2.4;
4/13/2016 4:08:38 PM;293;64.6;52.0;2.5;2.4;
4/13/2016 4:08:39 PM;294;64.3;51.9;2.5;2.4;
4/13/2016 4:08:40 PM;295;64.0;51.8;2.5;2.4;
4/13/2016 4:08:41 PM;296;63.8;51.8;2.5;2.4;
4/13/2016 4:08:42 PM;297;63.6;51.7;2.5;2.4;
4/13/2016 4:08:43 PM;298;63.6;51.6;2.5;2.4;
4/13/2016 4:08:44 PM;299;63.4;51.6;2.5;2.4;
4/13/2016 4:08:45 PM;300;63.2;51.5;2.5;2.4;
4/13/2016 4:08:46 PM;301;62.9;51.4;2.5;2.4;
4/13/2016 4:08:47 PM;302;62.5;51.4;2.5;2.4;
4/13/2016 4:08:48 PM;303;61.9;51.3;2.5;2.4;
4/13/2016 4:08:49 PM;304;61.5;51.3;2.5;2.4;
4/13/2016 4:08:50 PM;305;61.2;51.2;2.5;2.4;
4/13/2016 4:08:51 PM;306;60.8;51.1;2.5;2.4;
4/13/2016 4:08:52 PM;307;60.6;51.1;2.5;2.4;
4/13/2016 4:08:53 PM;308;60.5;51.0;2.5;2.4;
4/13/2016 4:08:54 PM;309;60.5;50.9;2.5;2.4;
4/13/2016 4:08:55 PM;310;60.4;50.9;2.5;2.4;
4/13/2016 4:08:56 PM;311;60.3;50.9;2.5;2.4;
4/13/2016 4:08:57 PM;312;60.4;50.8;2.5;2.4;
4/13/2016 4:08:58 PM;313;60.6;50.8;2.5;2.4;
4/13/2016 4:08:59 PM;314;60.6;50.8;2.5;2.4;
4/13/2016 4:09:00 PM;315;60.6;50.8;2.5;2.4;
4/13/2016 4:09:01 PM;316;60.6;50.7;2.5;2.4;
4/13/2016 4:09:02 PM;317;60.5;50.7;2.5;2.4;
4/13/2016 4:09:03 PM;318;60.3;50.6;2.5;2.4;
4/13/2016 4:09:04 PM;319;60.1;50.6;2.5;2.4;
4/13/2016 4:09:05 PM;320;59.9;50.5;2.5;2.4;
4/13/2016 4:09:06 PM;321;59.7;50.5;2.5;2.4;
4/13/2016 4:09:07 PM;322;59.6;50.4;2.5;2.4;
4/13/2016 4:09:08 PM;323;59.6;50.4;2.5;2.4;
4/13/2016 4:09:09 PM;324;59.7;50.3;2.5;2.4;
4/13/2016 4:09:10 PM;325;59.8;50.3;2.5;2.4;
4/13/2016 4:09:11 PM;326;59.6;50.2;2.5;2.4;
4/13/2016 4:09:12 PM;327;59.3;50.2;2.5;2.4;
4/13/2016 4:09:13 PM;328;59.0;50.2;2.5;2.4;
4/13/2016 4:09:14 PM;329;58.5;50.1;2.5;2.4;
4/13/2016 4:09:15 PM;330;58.2;50.1;2.5;2.4;
4/13/2016 4:09:16 PM;331;58.0;50.1;2.5;2.4;
4/13/2016 4:09:17 PM;332;57.9;50.1;2.5;2.4;
4/13/2016 4:09:18 PM;333;57.8;50.1;2.5;2.4;
4/13/2016 4:09:19 PM;334;57.9;50.1;2.5;2.4;
4/13/2016 4:09:20 PM;335;58.0;50.0;2.5;2.4;
4/13/2016 4:09:21 PM;336;58.1;50.0;2.5;2.4;
4/13/2016 4:09:22 PM;337;58.1;49.9;2.5;2.4;
4/13/2016 4:09:23 PM;338;57.9;49.9;2.5;2.4;
4/13/2016 4:09:24 PM;339;57.8;49.9;2.5;2.4;
4/13/2016 4:09:25 PM;340;57.6;49.9;2.5;2.4;
4/13/2016 4:09:26 PM;341;57.3;49.8;2.5;2.4;
4/13/2016 4:09:27 PM;342;57.0;49.8;2.5;2.4;
4/13/2016 4:09:28 PM;343;56.8;49.7;2.5;2.4;
4/13/2016 4:09:29 PM;344;56.7;49.7;2.5;2.4;
4/13/2016 4:09:30 PM;345;56.5;49.7;2.5;2.4;
4/13/2016 4:09:31 PM;346;56.4;49.7;2.5;2.4;
4/13/2016 4:09:32 PM;347;56.3;49.6;2.5;2.4;
4/13/2016 4:09:33 PM;348;56.1;49.6;2.5;2.4;
4/13/2016 4:09:34 PM;349;55.8;49.5;2.5;2.4;
4/13/2016 4:09:35 PM;350;55.6;49.5;2.5;2.4;
4/13/2016 4:09:36 PM;351;55.5;49.5;2.5;2.4;
4/13/2016 4:09:37 PM;352;55.4;49.5;2.5;2.4;
4/13/2016 4:09:38 PM;353;55.4;49.5;2.5;2.4;
4/13/2016 4:09:39 PM;354;55.5;49.5;2.5;2.4;
4/13/2016 4:09:40 PM;355;55.6;49.5;2.5;2.4;
4/13/2016 4:09:41 PM;356;55.7;49.4;2.5;2.4;
4/13/2016 4:09:42 PM;357;55.7;49.4;2.5;2.4;
4/13/2016 4:09:43 PM;358;55.6;49.4;2.5;2.4;
4/13/2016 4:09:44 PM;359;55.5;49.4;2.5;2.4;
4/13/2016 4:09:45 PM;360;55.4;49.4;2.5;2.4;
4/13/2016 4:09:46 PM;361;55.2;49.4;2.5;2.4;
4/13/2016 4:09:47 PM;362;55.1;49.4;2.5;2.4;
4/13/2016 4:09:48 PM;363;55.0;49.4;2.5;2.4;
4/13/2016 4:09:49 PM;364;54.9;49.4;2.5;2.4;
4/13/2016 4:09:50 PM;365;54.7;49.3;2.5;2.4;
4/13/2016 4:09:51 PM;366;54.4;49.3;2.5;2.4;
4/13/2016 4:09:52 PM;367;54.2;49.2;2.5;2.4;
4/13/2016 4:09:53 PM;368;54.1;49.2;2.5;2.4;
4/13/2016 4:09:54 PM;369;54.0;49.2;2.5;2.4;
4/13/2016 4:09:55 PM;370;54.0;49.2;2.5;2.4;
4/13/2016 4:09:56 PM;371;54.1;49.2;2.5;2.4;
4/13/2016 4:09:57 PM;372;54.1;49.2;2.5;2.4;
4/13/2016 4:09:58 PM;373;54.1;49.2;2.5;2.4;
4/13/2016 4:09:59 PM;374;54.0;49.2;2.5;2.4;
4/13/2016 4:10:00 PM;375;53.9;49.2;2.5;2.4;
4/13/2016 4:10:01 PM;376;53.8;49.2;2.5;2.4;
4/13/2016 4:10:02 PM;377;53.6;49.2;2.5;2.4;
4/13/2016 4:10:03 PM;378;53.6;49.2;2.5;2.4;
4/13/2016 4:10:04 PM;379;53.7;49.1;2.5;2.4;
4/13/2016 4:10:05 PM;380;53.8;49.1;2.5;2.4;
4/13/2016 4:10:06 PM;381;53.8;49.0;2.5;2.4;
4/13/2016 4:10:07 PM;382;53.9;49.0;2.5;2.4;
4/13/2016 4:10:08 PM;383;53.8;49.0;2.5;2.4;
4/13/2016 4:10:09 PM;384;53.8;49.0;2.5;2.4;
4/13/2016 4:10:10 PM;385;53.6;49.0;2.5;2.4;
4/13/2016 4:10:11 PM;386;53.3;49.0;2.5;2.4;
4/13/2016 4:10:12 PM;387;53.1;49.0;2.5;2.4;
4/13/2016 4:10:13 PM;388;52.9;49.0;2.5;2.4;
4/13/2016 4:10:14 PM;389;52.7;49.0;2.5;2.4;
4/13/2016 4:10:15 PM;390;52.7;49.0;2.5;2.4;
4/13/2016 4:10:16 PM;391;52.7;49.0;2.5;2.4;
4/13/2016 4:10:17 PM;392;52.7;49.0;2.5;2.4;
4/13/2016 4:10:18 PM;393;52.6;48.9;2.5;2.4;
4/13/2016 4:10:19 PM;394;52.5;48.9;2.5;2.4;
4/13/2016 4:10:20 PM;395;52.4;48.9;2.5;2.4;
4/13/2016 4:10:21 PM;396;52.3;48.9;2.5;2.4;
4/13/2016 4:10:22 PM;397;52.2;48.8;2.5;2.4;
4/13/2016 4:10:23 PM;398;52.2;48.8;2.5;2.4;
4/13/2016 4:10:24 PM;399;52.2;48.8;2.5;2.4;
4/13/2016 4:10:25 PM;400;52.1;48.8;2.5;2.4;
4/13/2016 4:10:26 PM;401;52.1;48.8;2.5;2.4;
4/13/2016 4:10:27 PM;402;52.1;48.8;2.5;2.4;
4/13/2016 4:10:28 PM;403;52.0;48.8;2.5;2.4;
4/13/2016 4:10:29 PM;404;52.0;48.8;2.5;2.4;
4/13/2016 4:10:30 PM;405;52.0;48.8;2.5;2.4;
4/13/2016 4:10:31 PM;406;51.9;48.8;2.5;2.4;
4/13/2016 4:10:32 PM;407;51.9;48.8;2.5;2.4;
4/13/2016 4:10:33 PM;408;51.8;48.8;2.5;2.4;
4/13/2016 4:10:34 PM;409;51.8;48.8;2.5;2.4;
4/13/2016 4:10:35 PM;410;51.7;48.8;2.5;2.4;
4/13/2016 4:10:36 PM;411;51.6;48.8;2.5;2.4;
4/13/2016 4:10:37 PM;412;51.6;48.8;2.5;2.4;
4/13/2016 4:10:38 PM;413;51.6;48.8;2.5;2.4;
4/13/2016 4:10:39 PM;414;51.5;48.8;2.5;2.4;
4/13/2016 4:10:40 PM;415;51.5;48.8;2.5;2.4;
4/13/2016 4:10:41 PM;416;51.5;48.7;2.5;2.4;
4/13/2016 4:10:42 PM;417;51.4;48.7;2.5;2.4;
4/13/2016 4:10:43 PM;418;51.3;48.7;2.5;2.4;
4/13/2016 4:10:44 PM;419;51.3;48.7;2.5;2.4;
4/13/2016 4:10:45 PM;420;51.3;48.6;2.5;2.4;
4/13/2016 4:10:46 PM;421;51.3;48.6;2.5;2.4;
4/13/2016 4:10:47 PM;422;51.3;48.6;2.5;2.4;
4/13/2016 4:10:48 PM;423;51.3;48.6;2.5;2.4;
4/13/2016 4:10:49 PM;424;51.2;48.6;2.5;2.4;
4/13/2016 4:10:50 PM;425;51.2;48.6;2.5;2.4;
4/13/2016 4:10:51 PM;426;51.2;48.6;2.5;2.4;
4/13/2016 4:10:52 PM;427;51.1;48.6;2.5;2.4;
4/13/2016 4:10:53 PM;428;51.1;48.6;2.5;2.4;
4/13/2016 4:10:54 PM;429;51.1;48.6;2.5;2.4;
4/13/2016 4:10:55 PM;430;51.1;48.6;2.5;2.4;
4/13/2016 4:10:56 PM;431;51.0;48.6;2.5;2.4;
4/13/2016 4:10:57 PM;432;51.0;48.6;2.5;2.4;
4/13/2016 4:10:58 PM;433;51.0;48.6;2.5;2.4;
4/13/2016 4:10:59 PM;434;50.9;48.6;2.5;2.4;
4/13/2016 4:11:00 PM;435;50.8;48.6;2.5;2.4;
4/13/2016 4:11:01 PM;436;50.8;48.6;2.5;2.4;
4/13/2016 4:11:02 PM;437;50.8;48.6;2.5;2.4;
4/13/2016 4:11:03 PM;438;50.7;48.6;2.5;2.4;
4/13/2016 4:11:04 PM;439;50.7;48.6;2.5;2.4;
4/13/2016 4:11:05 PM;440;50.7;48.6;2.5;2.4;
4/13/2016 4:11:06 PM;441;50.7;48.6;2.5;2.4;
4/13/2016 4:11:07 PM;442;50.7;48.6;2.5;2.4;
4/13/2016 4:11:08 PM;443;50.6;48.6;2.5;2.4;
4/13/2016 4:11:09 PM;444;50.6;48.6;2.5;2.4;
4/13/2016 4:11:10 PM;445;50.5;48.6;2.5;2.4;
4/13/2016 4:11:11 PM;446;50.3;48.6;2.5;2.4;
4/13/2016 4:11:12 PM;447;50.2;48.6;2.5;2.4;
4/13/2016 4:11:13 PM;448;50.2;48.6;2.5;2.4;
4/13/2016 4:11:14 PM;449;50.2;48.6;2.5;2.4;
4/13/2016 4:11:15 PM;450;50.2;48.6;2.5;2.4;
4/13/2016 4:11:16 PM;451;50.2;48.6;2.5;2.4;
4/13/2016 4:11:17 PM;452;50.2;48.6;2.5;2.4;
4/13/2016 4:11:18 PM;453;50.2;48.6;2.5;2.4;
4/13/2016 4:11:19 PM;454;50.1;48.5;2.5;2.4;
4/13/2016 4:11:20 PM;455;50.1;48.6;2.5;2.4;
4/13/2016 4:11:21 PM;456;50.1;48.5;2.5;2.4;
4/13/2016 4:11:22 PM;457;50.1;48.5;2.5;2.4;
4/13/2016 4:11:23 PM;458;50.1;48.5;2.5;2.4;
4/13/2016 4:11:24 PM;459;50.1;48.5;2.5;2.4;
4/13/2016 4:11:25 PM;460;50.1;48.5;2.5;2.4;
4/13/2016 4:11:26 PM;461;50.1;48.5;2.5;2.4;
4/13/2016 4:11:27 PM;462;50.1;48.5;2.5;2.4;
4/13/2016 4:11:28 PM;463;50.0;48.5;2.5;2.4;
4/13/2016 4:11:29 PM;464;50.0;48.5;2.5;2.4;
4/13/2016 4:11:30 PM;465;50.0;48.5;2.5;2.4;
4/13/2016 4:11:31 PM;466;49.9;48.5;2.5;2.4;
4/13/2016 4:11:32 PM;467;49.9;48.5;2.5;2.4;
4/13/2016 4:11:33 PM;468;49.9;48.5;2.5;2.4;
4/13/2016 4:11:34 PM;469;49.9;48.5;2.5;2.4;
4/13/2016 4:11:35 PM;470;49.9;48.5;2.5;2.4;
4/13/2016 4:11:36 PM;471;49.9;48.5;2.5;2.4;
4/13/2016 4:11:37 PM;472;49.8;48.5;2.5;2.4;
4/13/2016 4:11:38 PM;473;49.8;48.5;2.5;2.4;
4/13/2016 4:11:39 PM;474;49.8;48.5;2.5;2.4;
4/13/2016 4:11:40 PM;475;49.8;48.5;2.5;2.4;
4/13/2016 4:11:41 PM;476;49.8;48.5;2.5;2.4;
4/13/2016 4:11:42 PM;477;49.8;48.5;2.5;2.4;
4/13/2016 4:11:43 PM;478;49.8;48.5;2.5;2.4;
4/13/2016 4:11:44 PM;479;49.8;48.5;2.5;2.4;
4/13/2016 4:11:45 PM;480;49.7;48.5;2.5;2.4;
4/13/2016 4:11:46 PM;481;49.7;48.5;2.5;2.4;
4/13/2016 4:11:47 PM;482;49.7;48.5;2.5;2.4;
4/13/2016 4:11:48 PM;483;49.6;48.5;2.5;2.4;
4/13/2016 4:11:49 PM;484;49.6;48.5;2.5;2.4;
4/13/2016 4:11:50 PM;485;49.6;48.5;2.5;2.4;
4/13/2016 4:11:51 PM;486;49.6;48.5;2.5;2.4;
4/13/2016 4:11:52 PM;487;49.6;48.5;2.5;2.4;
4/13/2016 4:11:53 PM;488;49.6;48.5;2.5;2.4;
4/13/2016 4:11:54 PM;489;49.5;48.5;2.5;2.4;
4/13/2016 4:11:55 PM;490;49.4;48.5;2.5;2.4;
4/13/2016 4:11:56 PM;491;49.4;48.5;2.5;2.4;
4/13/2016 4:11:57 PM;492;49.4;48.5;2.5;2.4;
4/13/2016 4:11:58 PM;493;49.4;48.5;2.5;2.4;
4/13/2016 4:11:59 PM;494;49.4;48.5;2.5;2.4;
4/13/2016 4:12:00 PM;495;49.4;48.5;2.5;2.4;
4/13/2016 4:12:01 PM;496;49.4;48.5;2.5;2.4;
4/13/2016 4:12:02 PM;497;49.4;48.5;2.5;2.4;
4/13/2016 4:12:03 PM;498;49.4;48.5;2.5;2.4;
4/13/2016 4:12:04 PM;499;49.3;48.5;2.5;2.4;
4/13/2016 4:12:05 PM;500;49.3;48.5;2.5;2.4;
4/13/2016 4:12:06 PM;501;49.2;48.5;2.5;2.4;
4/13/2016 4:12:07 PM;502;49.2;48.5;2.5;2.4;
4/13/2016 4:12:08 PM;503;49.2;48.5;2.5;2.4;
4/13/2016 4:12:09 PM;504;49.2;48.5;2.5;2.4;
4/13/2016 4:12:10 PM;505;49.2;48.5;2.5;2.4;
4/13/2016 4:12:11 PM;506;49.2;48.5;2.5;2.4;
4/13/2016 4:12:12 PM;507;49.2;48.5;2.5;2.4;
4/13/2016 4:12:13 PM;508;49.2;48.5;2.5;2.4;
4/13/2016 4:12:14 PM;509;49.2;48.5;2.5;2.4;
4/13/2016 4:12:15 PM;510;49.2;48.5;2.5;2.4;
4/13/2016 4:12:16 PM;511;49.2;48.5;2.5;2.4;
4/13/2016 4:12:17 PM;512;49.2;48.5;2.5;2.4;
4/13/2016 4:12:18 PM;513;49.2;48.5;2.5;2.4;
4/13/2016 4:12:19 PM;514;49.2;48.5;2.5;2.4;
4/13/2016 4:12:20 PM;515;49.2;48.4;2.5;2.4;
4/13/2016 4:12:21 PM;516;49.2;48.4;2.5;2.4;
4/13/2016 4:12:22 PM;517;49.1;48.4;2.5;2.4;
4/13/2016 4:12:23 PM;518;49.1;48.4;2.5;2.4;
4/13/2016 4:12:24 PM;519;49.1;48.4;2.5;2.4;
4/13/2016 4:12:25 PM;520;49.1;48.5;2.5;2.4;
4/13/2016 4:12:26 PM;521;49.1;48.4;2.5;2.4;
4/13/2016 4:12:27 PM;522;49.1;48.4;2.5;2.4;
4/13/2016 4:12:28 PM;523;49.1;48.4;2.5;2.4;
4/13/2016 4:12:29 PM;524;49.1;48.4;2.5;2.4;
4/13/2016 4:12:30 PM;525;49.1;48.4;2.5;2.4;
4/13/2016 4:12:31 PM;526;49.1;48.4;2.5;2.4;
4/13/2016 4:12:32 PM;527;49.1;48.4;2.5;2.4;
4/13/2016 4:12:33 PM;528;49.0;48.4;2.5;2.4;
4/13/2016 4:12:34 PM;529;49.0;48.4;2.5;2.4;
4/13/2016 4:12:35 PM;530;49.0;48.3;2.5;2.4;
4/13/2016 4:12:36 PM;531;48.9;48.3;2.5;2.4;
4/13/2016 4:12:37 PM;532;48.9;48.3;2.5;2.4;
4/13/2016 4:12:38 PM;533;49.0;48.3;2.5;2.4;
4/13/2016 4:12:39 PM;534;49.0;48.3;2.5;2.4;
4/13/2016 4:12:40 PM;535;49.0;48.3;2.5;2.4;
4/13/2016 4:12:41 PM;536;49.0;48.3;2.5;2.4;
4/13/2016 4:12:42 PM;537;49.0;48.3;2.5;2.4;
4/13/2016 4:12:43 PM;538;48.9;48.3;2.5;2.4;
4/13/2016 4:12:44 PM;539;48.9;48.3;2.5;2.4;
4/13/2016 4:12:45 PM;540;48.9;48.3;2.5;2.4;
4/13/2016 4:12:46 PM;541;48.9;48.3;2.5;2.4;
4/13/2016 4:12:47 PM;542;48.9;48.3;2.5;2.4;
4/13/2016 4:12:48 PM;543;48.9;48.3;2.5;2.4;
4/13/2016 4:12:49 PM;544;48.9;48.3;2.5;2.4;
4/13/2016 4:12:50 PM;545;48.9;48.3;2.5;2.4;
4/13/2016 4:12:51 PM;546;48.9;48.3;2.5;2.4;
4/13/2016 4:12:52 PM;547;48.9;48.3;2.5;2.4;
4/13/2016 4:12:53 PM;548;48.9;48.3;2.5;2.4;
4/13/2016 4:12:54 PM;549;48.9;48.3;2.5;2.4;
4/13/2016 4:12:55 PM;550;48.9;48.3;2.5;2.4;
4/13/2016 4:12:56 PM;551;48.9;48.3;2.5;2.4;
4/13/2016 4:12:57 PM;552;48.9;48.3;2.5;2.4;
4/13/2016 4:12:58 PM;553;48.9;48.3;2.5;2.4;
4/13/2016 4:12:59 PM;554;48.9;48.3;2.5;2.4;
4/13/2016 4:13:00 PM;555;48.9;48.3;2.5;2.4;
4/13/2016 4:13:01 PM;556;48.9;48.3;2.5;2.4;
4/13/2016 4:13:02 PM;557;48.8;48.3;2.5;2.4;
4/13/2016 4:13:03 PM;558;48.8;48.3;2.5;2.4;
4/13/2016 4:13:04 PM;559;48.8;48.3;2.5;2.4;
4/13/2016 4:13:05 PM;560;48.8;48.3;2.5;2.4;
4/13/2016 4:13:06 PM;561;48.8;48.3;2.5;2.4;
4/13/2016 4:13:07 PM;562;48.8;48.3;2.5;2.4;
4/13/2016 4:13:08 PM;563;48.7;48.3;2.5;2.4;
4/13/2016 4:13:09 PM;564;48.7;48.3;2.5;2.4;
4/13/2016 4:13:10 PM;565;48.7;48.3;2.5;2.4;
4/13/2016 4:13:11 PM;566;48.7;48.3;2.5;2.4;
4/13/2016 4:13:12 PM;567;48.7;48.3;2.5;2.4;
4/13/2016 4:13:13 PM;568;48.7;48.3;2.5;2.4;
4/13/2016 4:13:14 PM;569;48.7;48.3;2.5;2.4;
4/13/2016 4:13:15 PM;570;48.7;48.3;2.5;2.4;
4/13/2016 4:13:16 PM;571;48.7;48.3;2.5;2.4;
4/13/2016 4:13:17 PM;572;48.7;48.3;2.5;2.4;
4/13/2016 4:13:18 PM;573;48.7;48.3;2.5;2.4;
4/13/2016 4:13:19 PM;574;48.7;48.3;2.5;2.4;
4/13/2016 4:13:20 PM;575;48.7;48.3;2.5;2.4;
4/13/2016 4:13:21 PM;576;48.7;48.3;2.5;2.4;
4/13/2016 4:13:22 PM;577;48.7;48.3;2.5;2.4;
4/13/2016 4:13:23 PM;578;48.7;48.3;2.5;2.4;
4/13/2016 4:13:24 PM;579;48.7;48.3;2.5;2.4;
4/13/2016 4:13:25 PM;580;48.7;48.3;2.5;2.4;
4/13/2016 4:13:26 PM;581;48.7;48.3;2.5;2.4;
4/13/2016 4:13:27 PM;582;48.7;48.3;2.5;2.4;
4/13/2016 4:13:28 PM;583;48.7;48.3;2.5;2.4;
4/13/2016 4:13:29 PM;584;48.7;48.3;2.5;2.4;
4/13/2016 4:13:30 PM;585;48.7;48.3;2.5;2.4;
4/13/2016 4:13:31 PM;586;48.7;48.3;2.5;2.4;
4/13/2016 4:13:32 PM;587;48.7;48.3;2.5;2.4;
4/13/2016 4:13:33 PM;588;48.7;48.3;2.5;2.4;
4/13/2016 4:13:34 PM;589;48.7;48.3;2.5;2.4;
4/13/2016 4:13:35 PM;590;48.6;48.3;2.5;2.4;
4/13/2016 4:13:36 PM;591;48.6;48.3;2.5;2.4;
4/13/2016 4:13:37 PM;592;48.5;48.3;2.5;2.4;
4/13/2016 4:13:38 PM;593;48.5;48.3;2.5;2.4;
4/13/2016 4:13:39 PM;594;48.5;48.3;2.5;2.4;
4/13/2016 4:13:40 PM;595;48.5;48.3;2.5;2.4;
4/13/2016 4:13:41 PM;596;48.5;48.3;2.5;2.4;
4/13/2016 4:13:42 PM;597;48.5;48.3;2.5;2.4;
4/13/2016 4:13:43 PM;598;48.5;48.3;2.5;2.4;
4/13/2016 4:13:44 PM;599;48.5;48.3;2.5;2.4;
4/13/2016 4:13:45 PM;600;48.5;48.3;2.5;2.4;
4/13/2016 4:13:46 PM;601;48.5;48.3;2.5;2.4;
4/13/2016 4:13:47 PM;602;48.5;48.3;2.5;2.4;
4/13/2016 4:13:48 PM;603;48.5;48.3;2.5;2.4;
4/13/2016 4:13:49 PM;604;48.5;48.3;2.5;2.4;
4/13/2016 4:13:50 PM;605;48.5;48.3;2.5;2.4;
4/13/2016 4:13:51 PM;606;48.5;48.3;2.5;2.4;
4/13/2016 4:13:52 PM;607;48.5;48.3;2.5;2.4;
4/13/2016 4:13:53 PM;608;48.5;48.3;2.5;2.4;
4/13/2016 4:13:54 PM;609;48.5;48.3;2.5;2.4;
4/13/2016 4:13:55 PM;610;48.5;48.3;2.5;2.4;
4/13/2016 4:13:56 PM;611;48.5;48.3;2.5;2.4;
4/13/2016 4:13:57 PM;612;48.5;48.3;2.5;2.4;
4/13/2016 4:13:58 PM;613;48.5;48.3;2.5;2.4;
4/13/2016 4:13:59 PM;614;48.5;48.3;2.5;2.4;
4/13/2016 4:14:00 PM;615;48.5;48.3;2.5;2.4;
4/13/2016 4:14:01 PM;616;48.5;48.3;2.5;2.4;
4/13/2016 4:14:02 PM;617;48.5;48.3;2.5;2.4;
4/13/2016 4:14:03 PM;618;48.5;48.3;2.5;2.4;
4/13/2016 4:14:04 PM;619;48.5;48.3;2.5;2.4;
4/13/2016 4:14:05 PM;620;48.5;48.3;2.5;2.4;
4/13/2016 4:14:06 PM;621;48.5;48.3;2.5;2.4;
4/13/2016 4:14:07 PM;622;48.5;48.3;2.5;2.4;
4/13/2016 4:14:08 PM;623;48.5;48.3;2.5;2.4;
4/13/2016 4:14:09 PM;624;48.5;48.3;2.5;2.4;
4/13/2016 4:14:10 PM;625;48.5;48.3;2.5;2.4;
4/13/2016 4:14:11 PM;626;48.5;48.3;2.5;2.4;
4/13/2016 4:14:12 PM;627;48.4;48.3;2.5;2.4;
4/13/2016 4:14:13 PM;628;48.4;48.3;2.5;2.4;
4/13/2016 4:14:14 PM;629;48.4;48.3;2.5;2.4;
4/13/2016 4:14:15 PM;630;48.4;48.3;2.5;2.4;
4/13/2016 4:14:16 PM;631;48.4;48.3;2.5;2.4;
4/13/2016 4:14:17 PM;632;48.4;48.3;2.5;2.4;
4/13/2016 4:14:18 PM;633;48.4;48.3;2.5;2.4;
4/13/2016 4:14:19 PM;634;48.4;48.3;2.5;2.4;
4/13/2016 4:14:20 PM;635;48.4;48.3;2.5;2.4;
4/13/2016 4:14:21 PM;636;48.4;48.3;2.5;2.4;
4/13/2016 4:14:22 PM;637;48.4;48.3;2.5;2.4;
4/13/2016 4:14:23 PM;638;48.4;48.3;2.5;2.4;
4/13/2016 4:14:24 PM;639;48.4;48.3;2.5;2.4;
4/13/2016 4:14:25 PM;640;48.4;48.3;2.5;2.4;
4/13/2016 4:14:26 PM;641;48.4;48.3;2.5;2.4;
4/13/2016 4:14:27 PM;642;48.4;48.3;2.5;2.4;
4/13/2016 4:14:28 PM;643;48.4;48.3;2.5;2.4;
4/13/2016 4:14:29 PM;644;48.4;48.3;2.5;2.4;
4/13/2016 4:14:30 PM;645;48.4;48.3;2.5;2.4;
4/13/2016 4:14:31 PM;646;48.4;48.3;2.5;2.4;
4/13/2016 4:14:32 PM;647;48.4;48.3;2.5;2.4;
4/13/2016 4:14:33 PM;648;48.4;48.3;2.5;2.4;
4/13/2016 4:14:34 PM;649;48.4;48.3;2.5;2.4;
4/13/2016 4:14:35 PM;650;48.4;48.3;2.5;2.4;
4/13/2016 4:14:36 PM;651;48.4;48.3;2.5;2.4;
4/13/2016 4:14:37 PM;652;48.4;48.3;2.5;2.4;
4/13/2016 4:14:38 PM;653;48.4;48.3;2.5;2.4;
4/13/2016 4:14:39 PM;654;48.4;48.3;2.5;2.4;
4/13/2016 4:14:40 PM;655;48.4;48.3;2.5;2.4;
4/13/2016 4:14:41 PM;656;48.4;48.3;2.5;2.4;
4/13/2016 4:14:42 PM;657;48.4;48.3;2.5;2.4;
4/13/2016 4:14:43 PM;658;48.4;48.3;2.5;2.4;
4/13/2016 4:14:44 PM;659;48.4;48.3;2.5;2.4;
4/13/2016 4:14:45 PM;660;48.4;48.3;2.5;2.4;
4/13/2016 4:14:46 PM;661;48.4;48.3;2.5;2.4;
4/13/2016 4:14:47 PM;662;48.4;48.3;2.5;2.4;
4/13/2016 4:14:48 PM;663;48.4;48.3;2.5;2.4;
4/13/2016 4:14:49 PM;664;48.4;48.3;2.5;2.4;
4/13/2016 4:14:50 PM;665;48.4;48.3;2.5;2.4;
4/13/2016 4:14:51 PM;666;48.4;48.3;2.5;2.4;
4/13/2016 4:14:52 PM;667;48.4;48.3;2.5;2.4;
4/13/2016 4:14:53 PM;668;48.4;48.3;2.5;2.4;
4/13/2016 4:14:54 PM;669;48.4;48.3;2.5;2.4;
4/13/2016 4:14:55 PM;670;48.4;48.3;2.5;2.4;
4/13/2016 4:14:56 PM;671;48.4;48.3;2.5;2.4;
4/13/2016 4:14:57 PM;672;48.4;48.3;2.5;2.4;
4/13/2016 4:14:58 PM;673;48.4;48.3;2.5;2.4;
4/13/2016 4:14:59 PM;674;48.4;48.3;2.5;2.4;
4/13/2016 4:15:00 PM;675;48.4;48.3;2.5;2.4;
4/13/2016 4:15:01 PM;676;48.4;48.3;2.5;2.4;
4/13/2016 4:15:02 PM;677;48.4;48.3;2.5;2.4;
4/13/2016 4:15:03 PM;678;48.4;48.3;2.5;2.4;
4/13/2016 4:15:04 PM;679;48.4;48.3;2.5;2.4;
4/13/2016 4:15:05 PM;680;48.4;48.3;2.5;2.4;
4/13/2016 4:15:06 PM;681;48.4;48.3;2.5;2.4;
4/13/2016 4:15:07 PM;682;48.4;48.3;2.5;2.4;
4/13/2016 4:15:08 PM;683;48.4;48.3;2.5;2.4;
4/13/2016 4:15:09 PM;684;48.4;48.3;2.5;2.4;
4/13/2016 4:15:10 PM;685;48.4;48.3;2.5;2.4;
4/13/2016 4:15:11 PM;686;48.4;48.3;2.5;2.4;
4/13/2016 4:15:12 PM;687;48.4;48.3;2.5;2.4;
4/13/2016 4:15:13 PM;688;48.4;48.3;2.5;2.4;
4/13/2016 4:15:14 PM;689;48.4;48.3;2.5;2.4;
4/13/2016 4:15:15 PM;690;48.4;48.3;2.5;2.4;
4/13/2016 4:15:16 PM;691;48.4;48.3;2.5;2.4;
4/13/2016 4:15:17 PM;692;48.4;48.3;2.5;2.4;
4/13/2016 4:15:18 PM;693;48.4;48.3;2.5;2.4;
4/13/2016 4:15:19 PM;694;48.4;48.3;2.5;2.4;
4/13/2016 4:15:20 PM;695;48.4;48.3;2.5;2.4;
4/13/2016 4:15:21 PM;696;48.4;48.3;2.5;2.4;
4/13/2016 4:15:22 PM;697;48.4;48.3;2.5;2.4;
4/13/2016 4:15:23 PM;698;48.4;48.3;2.5;2.4;
4/13/2016 4:15:24 PM;699;48.4;48.3;2.5;2.4;
4/13/2016 4:15:25 PM;700;48.4;48.3;2.5;2.4;
4/13/2016 4:15:26 PM;701;48.4;48.3;2.5;2.4;
4/13/2016 4:15:27 PM;702;48.4;48.3;2.5;2.4;
4/13/2016 4:15:28 PM;703;48.4;48.3;2.5;2.4;
4/13/2016 4:15:29 PM;704;48.3;48.2;2.5;2.4;
4/13/2016 4:15:30 PM;705;48.3;48.2;2.5;2.4;
4/13/2016 4:15:31 PM;706;48.3;48.2;2.5;2.4;
4/13/2016 4:15:32 PM;707;48.3;48.2;2.5;2.4;
4/13/2016 4:15:33 PM;708;48.2;48.2;2.5;2.4;
4/13/2016 4:15:34 PM;709;48.3;48.3;2.5;2.4;
4/13/2016 4:15:35 PM;710;48.3;48.3;2.5;2.4;
4/13/2016 4:15:36 PM;711;48.3;48.3;2.5;2.4;
4/13/2016 4:15:37 PM;712;48.3;48.3;2.5;2.4;
4/13/2016 4:15:38 PM;713;48.3;48.3;2.5;2.4;
4/13/2016 4:15:39 PM;714;48.3;48.3;2.5;2.4;
4/13/2016 4:15:40 PM;715;48.3;48.3;2.5;2.4;
4/13/2016 4:15:41 PM;716;48.3;48.3;2.5;2.4;
